material_id,original_formula,M_element,composition_reduced,nsites,volume,density,density_atomic,spacegroup_symbol,spacegroup_number,crystal_system,formation_energy_per_atom,energy_above_hull,band_gap,Li_count
mp-25929,Li3Bi2(PO4)3,Bi,Li3 Bi2 P3 O12,40,571.8328341812477,4.203076634588401,14.295820854531192,R-3,148,Trigonal,-2.509938990196429,0.039916890249999004,3.7574,3
mp-27069,Li3Bi2(PO4)3,Bi,Li3 Bi2 P3 O12,80,1080.6273519731658,4.448262798177532,13.507841899664573,P2_1/c,14,Monoclinic,-2.510777986946429,0.039077893499999,4.0926,3
mp-684042,Li3Bi2(PO4)3,Bi,Li3 Bi2 P3 O12,40,555.7061522957953,4.325050594290229,13.892653807394883,C2/c,15,Monoclinic,-2.501184845696428,0.048671034749999,4.026,3
mp-684504,Li3Bi2(PO4)3,Bi,Li3 Bi2 P3 O12,80,1136.6204016177678,4.229129128452721,14.207755020222098,P2_1/c,14,Monoclinic,-2.512523591821428,0.037332288624999,4.0294,3
mp-759290,Li3Bi2(PO4)3,Bi,Li3 Bi2 P3 O12,40,549.8018548054773,4.371497118881167,13.745046370136933,C2/c,15,Monoclinic,-2.4661688149464283,0.0836870655,3.6043000000000003,3
mp-759381,Li3Bi2(PO4)3,Bi,Li3 Bi2 P3 O12,40,505.07864741737427,4.758580146928201,12.626966185434357,C2/m,12,Monoclinic,-2.477896700446429,0.07195917999999901,3.113099999999999,3
mp-759390,Li3Bi2(PO4)3,Bi,Li3 Bi2 P3 O12,80,1059.9644371309323,4.534977099313339,13.249555464136654,P2/c,13,Monoclinic,-2.459221797196428,0.09063408324999901,3.1666,3
mp-759734,Li3Bi2(PO4)3,Bi,Li3 Bi2 P3 O12,80,1090.351644933083,4.408590999805702,13.629395561663538,C2/c,15,Monoclinic,-2.459954231821429,0.08990164862499901,3.5437000000000003,3
mp-780333,Li3Bi2(PO4)3,Bi,Li3 Bi2 P3 O12,80,1130.2815596104579,4.252846919073859,14.128519495130723,P2_1/c,14,Monoclinic,-2.504520078321428,0.045335802124999006,4.1031,3
mp-26285,LiBi2(PO4)3,Bi,Li1 Bi2 P3 O12,72,1067.3624683840685,4.417157408881906,14.824478727556507,P2_1,4,Monoclinic,-2.289939936236772,0.070334764675926,0.28740000000000004,1
mp-26301,LiBi2(PO4)3,Bi,Li1 Bi2 P3 O12,72,1099.724784147192,4.287170847787432,15.273955335377666,Pc,7,Monoclinic,-2.283144509708994,0.077130191203703,0.24430000000000002,1
mp-504151,LiBi2(PO4)3,Bi,Li1 Bi2 P3 O12,36,552.470342734188,4.266933145996555,15.346398409283,P-1,2,Triclinic,-2.299484700958995,0.060789999953703,0.5567000000000001,1
mp-540013,LiBi2(PO4)3,Bi,Li1 Bi2 P3 O12,36,557.4946987037338,4.2284779085322555,15.485963852881493,C2/c,15,Monoclinic,-2.253349445125661,0.106925255787037,0.0,1
mp-585241,LiBi2(PO4)3,Bi,Li1 Bi2 P3 O12,72,1068.8343574534324,4.411074552672751,14.844921631297673,P2_1/c,14,Monoclinic,-2.298465336097884,0.061809364814815006,0.5374,1
mp-729481,LiBi2(PO4)3,Bi,Li1 Bi2 P3 O12,36,552.4702750339994,4.266933668870258,15.346396528722206,P-1,2,Triclinic,3.425564751541005,5.785839452453704,0.0,1
mp-26087,Li3Co2(PO4)3,Co,Li3 Co2 P3 O12,80,922.0443548314206,3.05152400515119,11.525554435392758,P2_1/c,14,Monoclinic,-2.341008921821429,0.032696838624996005,1.1288,3
mp-584742,Li3Co2(PO4)3,Co,Li3 Co2 P3 O12,80,887.7638182757513,3.16935701214652,11.097047728446892,P2_1/c,14,Monoclinic,-2.276380654446429,0.09732510599999601,1.1195,3
mp-773159,Li3Co2(PO4)3,Co,Li3 Co2 P3 O12,40,450.97124839887596,3.119534219278661,11.2742812099719,C2,5,Monoclinic,-2.279242041446429,0.094463718999995,0.7849,3
mp-774352,Li3Co2(PO4)3,Co,Li3 Co2 P3 O12,80,916.3176654756635,3.070595044265191,11.453970818445793,P2_1/c,14,Monoclinic,-2.301883707321429,0.07182205312499601,0.9897,3
mp-775012,Li3Co2(PO4)3,Co,Li3 Co2 P3 O12,40,444.0821220971782,3.167928117996286,11.102053052429456,R-3,148,Trigonal,-2.278882952696428,0.094822807749996,0.042,3
mp-772654,Li4Co2(PO4)3,Co,Li4 Co2 P3 O12,42,476.23980524686414,3.002419849958703,11.339042982068193,P-1,2,Triclinic,-2.397636342964852,0.05848708428570001,0.411599999999999,4
mp-780762,Li4Co2(PO4)3,Co,Li4 Co2 P3 O12,84,948.6866597633793,3.014423845635796,11.293888806706898,Pbcn,60,Orthorhombic,-2.400110811179138,0.05601261607141501,0.004,4
mp-780435,Li5Co2(PO4)3,Co,Li5 Co2 P3 O12,88,949.4702384489814,3.060492870865829,10.789434527829334,P2_1,4,Monoclinic,-2.450207194231602,0.08084138465909001,2.7403999999999993,5
mp-26088,LiCo2(PO4)3,Co,Li1 Co2 P3 O12,72,901.5232953350333,3.018706320041003,12.52115687965324,P2_1/c,14,Monoclinic,-2.044365894847884,0.12018645050925301,0.0,1
mp-758304,LiCo2(PO4)3,Co,Li1 Co2 P3 O12,36,412.7073466676202,3.2970506719423662,11.464092962989449,R-3c,167,Trigonal,-2.045679663181216,0.11887268217592001,0.0,1
mp-758309,LiCo2(PO4)3,Co,Li1 Co2 P3 O12,72,917.6545192655065,2.9656412213501673,12.745201656465367,P2_1,4,Monoclinic,-2.033847803042328,0.13070454231480902,0.0,1
mp-764732,LiCo2(PO4)3,Co,Li1 Co2 P3 O12,72,917.774349070204,2.965254010475601,12.746865959308389,Pc,7,Monoclinic,-1.995279845542327,0.16927249981480902,0.0,1
mp-776223,LiCo2(PO4)3,Co,Li1 Co2 P3 O12,36,462.2951271913325,2.943394716083307,12.841531310870346,P-1,2,Triclinic,-2.025040870403439,0.139511474953698,0.0,1
mp-863391,LiCo2(PO4)3,Co,Li1 Co2 P3 O12,72,910.5431049860981,2.988803115843271,12.646432013695808,P2_1,4,Monoclinic,-2.053415324292328,0.11113702106480901,0.0,1
mp-889033,LiCo2(PO4)3,Co,Li1 Co2 P3 O12,36,462.2951271913325,2.943394716083307,12.841531310870346,P-1,2,Triclinic,2.391071685429894,4.5556240307870315,0.0,1
mp-777909,Li2Cr2(PO4)3,Cr,Li2 Cr2 P3 O12,38,457.2797910159498,2.925323609800742,12.033678710946047,C2/c,15,Monoclinic,-2.5638696971365897,0.032257115763158005,0.0,2
mp-850906,Li2Cr2(PO4)3,Cr,Li2 Cr2 P3 O12,38,454.03310725223884,2.946241909624777,11.9482396645326,P-1,2,Triclinic,-2.567449980294485,0.028676832605264,0.0,2
mp-1177733,Li3Cr2(PO4)3,Cr,Li3 Cr2 P3 O12,80,1009.836684766803,2.6949763120964043,12.622958559585038,C2/c,15,Monoclinic,-2.5747164516964283,0.09283614099999901,2.2562,3
mp-25837,Li3Cr2(PO4)3,Cr,Li3 Cr2 P3 O12,80,895.1578831496014,3.040230104388942,11.189473539370017,P2/c,13,Monoclinic,-2.631389426196427,0.0361631665,2.9463,3
mp-26045,Li3Cr2(PO4)3,Cr,Li3 Cr2 P3 O12,80,885.341398542044,3.073939554858912,11.06676748177555,P2_1/c,14,Monoclinic,-2.663927587946427,0.0036250047500000003,3.0477,3
mp-26079,Li3Cr2(PO4)3,Cr,Li3 Cr2 P3 O12,80,923.8097331176899,2.945937726102947,11.547621663971125,P2_1/c,14,Monoclinic,-2.662338173196428,0.005214419499999,2.8178,3
mp-26489,Li3Cr2(PO4)3,Cr,Li3 Cr2 P3 O12,40,404.6540981670349,3.362731227559582,10.116352454175871,C2/m,12,Monoclinic,-2.623978575946427,0.04357401675000001,1.8989,3
mp-26605,Li3Cr2(PO4)3,Cr,Li3 Cr2 P3 O12,80,911.1449458488005,2.9868858483292433,11.389311823110006,C2,5,Monoclinic,-2.634305192321428,0.033247400375,2.8815,3
mp-26705,Li3Cr2(PO4)3,Cr,Li3 Cr2 P3 O12,40,446.41728772229243,3.048141301178149,11.16043219305731,C2/c,15,Monoclinic,-2.637023710946427,0.030528881750000004,2.9381999999999993,3
mp-26739,Li3Cr2(PO4)3,Cr,Li3 Cr2 P3 O12,80,807.3217101482613,3.371005523972231,10.091521376853267,Ia-3d,230,Cubic,-2.632744236071428,0.034808356624999,3.1577,3
mp-26869,Li3Cr2(PO4)3,Cr,Li3 Cr2 P3 O12,40,418.122849227466,3.2544094989795243,10.45307123068665,C2/c,15,Monoclinic,-2.629845771446428,0.037706821249999,2.6377,3
mp-26971,Li3Cr2(PO4)3,Cr,Li3 Cr2 P3 O12,40,454.90793557113494,2.991249142659694,11.372698389278373,R-3,148,Trigonal,-2.667456581446428,9.60112500001387e-05,3.0572,3
mp-31729,Li3Cr2(PO4)3,Cr,Li3 Cr2 P3 O12,40,461.1414787522723,2.950814522146352,11.528536968806808,Cc,9,Monoclinic,-2.6533882671964273,0.014164325500001,3.0089,3
mp-697753,Li3Cr2(PO4)3,Cr,Li3 Cr2 P3 O12,40,464.6889391464685,2.92828784512417,11.617223478661712,Cc,9,Monoclinic,-2.643359378946427,0.024193213749999002,2.887399999999999,3
mp-757298,Li3Cr2(PO4)3,Cr,Li3 Cr2 P3 O12,80,1005.3368312625099,2.7070389345179313,12.566710390781374,C2,5,Monoclinic,-2.574506519071428,0.093046073625,2.096,3
mp-774463,Li3Cr2(PO4)3,Cr,Li3 Cr2 P3 O12,40,459.0780754649106,2.964077452159347,11.476951886622766,C2,5,Monoclinic,-2.625162658446428,0.042389934250000004,2.8417,3
mp-775597,Li3Cr2(PO4)3,Cr,Li3 Cr2 P3 O12,80,918.7640339822556,2.962116325708347,11.484550424778195,P2_1/c,14,Monoclinic,-2.662873083821427,0.004679508875,2.7254,3
mp-779336,Li3Cr2(PO4)3,Cr,Li3 Cr2 P3 O12,80,902.7028484997818,3.014819271984556,11.283785606247273,C2,5,Monoclinic,-2.614957291071428,0.05259530162500001,2.7965,3
mp-780606,Li3Cr2(PO4)3,Cr,Li3 Cr2 P3 O12,40,460.93098185161796,2.952162093335476,11.523274546290448,P1,1,Triclinic,-2.667552592696427,0.0,2.9720999999999993,3
mp-831192,Li3Cr2(PO4)3,Cr,Li3 Cr2 P3 O12,40,460.9309818174778,2.952162093554136,11.523274545436944,P1,1,Triclinic,2.8403471230535713,5.50789971575,0.0,3
mp-760100,Li4Cr2(PO4)3,Cr,Li4 Cr2 P3 O12,84,970.172819392294,2.85267644677076,11.549676421336832,P2_1/c,14,Monoclinic,-2.61336045010771,0.042042688690488,0.8370000000000001,4
mp-772960,Li4Cr2(PO4)3,Cr,Li4 Cr2 P3 O12,42,482.2892070786562,2.8692215278271993,11.483076359015623,P-1,2,Triclinic,-2.6245689210600913,0.030834217738108002,1.3157,4
mp-1101532,LiCr2(PO4)3,Cr,Li1 Cr2 P3 O12,36,440.25355887942163,2.986096850567936,12.229265524428378,Cc,9,Monoclinic,-2.466843056236772,0.032869214444451005,0.10059999999999901,1
mp-1101602,LiCr2(PO4)3,Cr,Li1 Cr2 P3 O12,72,882.650294800564,2.978846261912167,12.259031872230056,P2/c,13,Monoclinic,-2.465454747903438,0.034257522777784,0.0024000000000000002,1
mp-1247735,LiCr2(PO4)3,Cr,Li1 Cr2 P3 O12,36,440.6314571715202,2.983535887473938,12.239762699208894,C2/c,15,Monoclinic,-2.464936310958993,0.03477595972223,0.0688,1
mp-25838,LiCr2(PO4)3,Cr,Li1 Cr2 P3 O12,36,430.1063773328274,3.056545624302297,11.947399370356315,R-3c,167,Trigonal,-2.455492755958993,0.044219514722229,0.0,1
mp-26046,LiCr2(PO4)3,Cr,Li1 Cr2 P3 O12,72,849.2492435149062,3.096004560875636,11.795128382151475,P2_1/c,14,Monoclinic,-2.456908504986771,0.042803765694451004,0.32630000000000003,1
mp-26080,LiCr2(PO4)3,Cr,Li1 Cr2 P3 O12,72,889.488568590106,2.955945274721071,12.354007897084806,Pna2_1,33,Orthorhombic,-2.448030263320104,0.051682007361118006,0.0,1
mp-26609,LiCr2(PO4)3,Cr,Li1 Cr2 P3 O12,36,443.33551272268244,2.965338277431221,12.314875353407846,P-1,2,Triclinic,-2.455479578736771,0.044232691944452,0.0,1
mp-26740,LiCr2(PO4)3,Cr,Li1 Cr2 P3 O12,72,778.5561852151977,3.377122398065059,10.81328035021108,I4_1/acd,142,Tetragonal,-2.3979381516534373,0.101774119027785,0.0,1
mp-26870,LiCr2(PO4)3,Cr,Li1 Cr2 P3 O12,36,422.397108300821,3.112331357829542,11.733253008356138,C2/c,15,Monoclinic,-2.391041450403438,0.108670820277785,0.0,1
mp-31665,LiCr2(PO4)3,Cr,Li1 Cr2 P3 O12,36,443.3111966477221,2.965500929284776,12.31419990688117,P-1,2,Triclinic,-2.458351434292327,0.041360836388895005,0.35250000000000004,1
mp-31677,LiCr2(PO4)3,Cr,Li1 Cr2 P3 O12,36,399.7886029521397,3.288337276034223,11.105238970892769,C2/m,12,Monoclinic,-2.4244326476256592,0.075279623055562,0.0,1
mp-697757,LiCr2(PO4)3,Cr,Li1 Cr2 P3 O12,36,447.24991023738943,2.939385197245511,12.423608617705263,Cc,9,Monoclinic,-2.451948650125659,0.047763620555563005,0.17500000000000002,1
mp-697813,LiCr2(PO4)3,Cr,Li1 Cr2 P3 O12,72,919.6702064621188,2.8589373807779572,12.773197311973872,P1,1,Triclinic,-2.386017544708994,0.113694725972228,0.0,1
mp-777371,LiCr2(PO4)3,Cr,Li1 Cr2 P3 O12,72,924.2667480452482,2.844719380853041,12.837038167295113,Pbcm,57,Orthorhombic,-2.419090779153437,0.080621491527785,0.2913,1
mp-777539,LiCr2(PO4)3,Cr,Li1 Cr2 P3 O12,36,426.6995257006717,3.080949676385114,11.852764602796436,C2/c,15,Monoclinic,-2.400987187347883,0.09872508333334001,0.0,1
mp-939764,LiCr2(PO4)3,Cr,Li1 Cr2 P3 O12,36,436.33876575451876,3.012887849531054,12.120521270958854,P-1,2,Triclinic,1.326800908207673,3.826513178888896,0.0,1
mp-759437,Li2Fe2(PO4)3,Fe,Li2 Fe2 P3 O12,76,937.8001984358353,2.907349276468998,12.33947629520836,P1,1,Triclinic,-2.390384560557644,0.034292016249998,0.0,2
mp-771817,Li2Fe2(PO4)3,Fe,Li2 Fe2 P3 O12,38,466.932923675834,2.919597858864818,12.287708517785106,P-1,2,Triclinic,-2.367340189505012,0.05733638730262901,0.0,2
mp-776769,Li2Fe2(PO4)3,Fe,Li2 Fe2 P3 O12,38,473.4079159509488,2.879665333561312,12.458103051340757,C2/c,15,Monoclinic,-2.382787737662907,0.041888839144735006,0.0,2
mp-849334,Li2Fe2(PO4)3,Fe,Li2 Fe2 P3 O12,76,931.6186072310958,2.926640480591619,12.258139568830208,Pbcn,60,Orthorhombic,-2.402089132794486,0.022587444013155003,0.0018999999999990001,2
mp-19430,Li3Fe2(PO4)3,Fe,Li3 Fe2 P3 O12,40,468.01505343808907,2.962101234428311,11.700376335952226,R-3,148,Trigonal,-2.501981877446428,0.010260171749998001,2.477299999999999,3
mp-25993,Li3Fe2(PO4)3,Fe,Li3 Fe2 P3 O12,80,924.2144272000879,2.999970411022088,11.5526803400011,P2_1/c,14,Monoclinic,-2.506846264196427,0.005395784999999,2.6074,3
mp-26069,Li3Fe2(PO4)3,Fe,Li3 Fe2 P3 O12,80,900.3438470407593,3.079507839313831,11.254298088009492,P2_1/c,14,Monoclinic,-2.500679353571428,0.011562695624999,2.4969,3
mp-26677,Li3Fe2(PO4)3,Fe,Li3 Fe2 P3 O12,40,416.08320038098935,3.331804711775466,10.402080009524735,C2/m,12,Monoclinic,-2.471529128446428,0.040712920749998,1.3953,3
mp-26825,Li3Fe2(PO4)3,Fe,Li3 Fe2 P3 O12,40,430.91667262004097,3.217113784646637,10.772916815501024,C2/c,15,Monoclinic,-2.469539166946428,0.042702882249998006,2.2355,3
mp-504385,Li3Fe2(PO4)3,Fe,Li3 Fe2 P3 O12,80,916.5100508516247,3.025188793580241,11.456375635645308,P2/c,13,Monoclinic,-2.469461976821428,0.042780072374998,2.5408,3
mp-585226,Li3Fe2(PO4)3,Fe,Li3 Fe2 P3 O12,40,456.9174589049714,3.034044640890636,11.422936472624285,C2/c,15,Monoclinic,-2.477361703696428,0.034880345499998,1.482899999999999,3
mp-6373,Li3Fe2(PO4)3,Fe,Li3 Fe2 P3 O12,80,935.9713934415746,2.96228704687764,11.699642418019682,P2_1/c,14,Monoclinic,-2.505809572571428,0.006432476624999001,2.4096,3
mp-705329,Li3Fe2(PO4)3,Fe,Li3 Fe2 P3 O12,40,473.42711209839916,2.9282394947247123,11.83567780245998,Cc,9,Monoclinic,-2.479199616196427,0.033042432999999004,2.5251,3
mp-758654,Li3Fe2(PO4)3,Fe,Li3 Fe2 P3 O12,40,467.63481139983634,2.964509770712252,11.690870284995908,P1,1,Triclinic,-2.501089928196428,0.011152120999998,2.45,3
mp-758962,Li3Fe2(PO4)3,Fe,Li3 Fe2 P3 O12,80,930.9259650573855,2.978342036972916,11.63657456321732,C2,5,Monoclinic,-2.451711571446428,0.06053047774999801,2.2006,3
mp-759282,Li3Fe2(PO4)3,Fe,Li3 Fe2 P3 O12,80,932.7623291747642,2.972478463504189,11.659529114684553,P2_12_12,18,Orthorhombic,-2.502820747946428,0.009421301249998001,2.380099999999999,3
mp-765598,Li3Fe2(PO4)3,Fe,Li3 Fe2 P3 O12,80,815.8784466241459,3.398319868005122,10.198480582801825,Ia-3d,230,Cubic,-2.458414962571427,0.05382708662499901,2.4593,3
mp-772738,Li3Fe2(PO4)3,Fe,Li3 Fe2 P3 O12,80,929.5433498751712,2.982772062661012,11.61929187343964,C2,5,Monoclinic,-2.4646824428214282,0.047559606374997,2.2367,3
mp-773158,Li3Fe2(PO4)3,Fe,Li3 Fe2 P3 O12,80,1017.6060574051622,2.72464566701775,12.720075717564528,C2,5,Monoclinic,-2.423845695696428,0.08839635349999801,2.4012000000000002,3
mp-775523,Li3Fe2(PO4)3,Fe,Li3 Fe2 P3 O12,40,464.38275116893413,2.9852701549108183,11.609568779223354,C2,5,Monoclinic,-2.4626752199464272,0.049566829249998,2.269,3
mp-849164,Li3Fe2(PO4)3,Fe,Li3 Fe2 P3 O12,40,467.634818857132,2.964509723437701,11.690870471428301,P1,1,Triclinic,2.596727636553571,5.108969685749999,0.0015999999999990002,3
mp-849395,Li3Fe2(PO4)3,Fe,Li3 Fe2 P3 O12,40,470.1658220908261,2.948551133204639,11.754145552270653,P-1,2,Triclinic,-2.4920816104464283,0.020160438749998,2.5377,3
mp-1177430,Li4Fe2(PO4)3,Fe,Li4 Fe2 P3 O12,42,469.0319613196583,3.004826295583766,11.167427650468055,P-1,2,Triclinic,-2.508488604393424,0.038873172976181,2.151399999999999,4
mp-772975,Li4Fe2(PO4)3,Fe,Li4 Fe2 P3 O12,42,482.1302104325478,2.923192822905903,11.479290724584471,P-1,2,Triclinic,-2.516925804155328,0.030435973214276,1.5499,4
mp-780568,Li4Fe2(PO4)3,Fe,Li4 Fe2 P3 O12,84,964.2854733584552,2.923116877274855,11.479588968553038,Pbcn,60,Orthorhombic,-2.498021832607709,0.049339944761896,0.0,4
mp-1177302,Li5Fe2(PO4)3,Fe,Li5 Fe2 P3 O12,88,966.7583119544875,2.963328386117899,10.985889908573721,P2_1,4,Monoclinic,-2.5278763624134193,0.051412440568176,3.9183,5
mp-1101524,LiFe2(PO4)3,Fe,Li1 Fe2 P3 O12,72,923.2074162765997,2.903366539840226,12.822325226063885,P2/c,13,Monoclinic,-2.248140174570105,0.07924143291666401,0.0,1
mp-1101593,LiFe2(PO4)3,Fe,Li1 Fe2 P3 O12,36,459.6913861634427,2.915444581331365,12.769205171206742,C2/c,15,Monoclinic,-2.249609763181217,0.077771844305553,0.0,1
mp-26054,LiFe2(PO4)3,Fe,Li1 Fe2 P3 O12,36,444.11034579091023,3.017729205313063,12.33639849419195,P-1,2,Triclinic,-2.219857162070107,0.107524445416664,0.137499999999999,1
mp-26070,LiFe2(PO4)3,Fe,Li1 Fe2 P3 O12,72,857.4282570938075,3.126103553940343,11.908725792969548,P2_1/c,14,Monoclinic,-2.217951650820105,0.10942995666666501,0.019699999999999003,1
mp-26581,LiFe2(PO4)3,Fe,Li1 Fe2 P3 O12,36,462.90908073987845,2.895179240668237,12.858585576107735,R-3c,167,Trigonal,-2.248456408181217,0.078925199305553,0.0,1
mp-26703,LiFe2(PO4)3,Fe,Li1 Fe2 P3 O12,36,433.94424796100486,3.088426144999499,12.054006887805691,P-1,2,Triclinic,-2.216398104847885,0.11098350263888601,0.258399999999999,1
mp-540420,LiFe2(PO4)3,Fe,Li1 Fe2 P3 O12,36,445.66572396352797,3.007197297911544,12.379603443431332,C2/c,15,Monoclinic,-2.2054685473478832,0.121913060138886,0.0694,1
mp-543094,LiFe2(PO4)3,Fe,Li1 Fe2 P3 O12,72,932.6633963128388,2.8739302221428122,12.953658282122761,Pc,7,Monoclinic,-2.248416743736772,0.078964863749998,0.0,1
mp-697784,LiFe2(PO4)3,Fe,Li1 Fe2 P3 O12,36,474.5312434460981,2.824270855470335,13.18142342905828,Cc,9,Monoclinic,-2.240043390125661,0.087338217361108,0.0,1
mp-699352,LiFe2(PO4)3,Fe,Li1 Fe2 P3 O12,36,413.706198981768,3.239508530869212,11.491838860604666,C2/m,12,Monoclinic,-2.186144102625661,0.141237504861108,0.0,1
mp-759608,LiFe2(PO4)3,Fe,Li1 Fe2 P3 O12,72,950.4160262400917,2.820248657163014,13.200222586667941,P1,1,Triclinic,-2.247951873597882,0.07942973388888701,0.0,1
mp-1021510,LiGe2(PO4)3,Ge,Li1 Ge2 P3 O12,36,419.88662181104087,3.45750424032902,11.663517272528914,R-3,148,Trigonal,-2.477893766514548,0.010175076620362001,3.6307,1
mp-541272,LiGe2(PO4)3,Ge,Li1 Ge2 P3 O12,36,421.261210211341,3.446222296709382,11.70170028364836,R-3c,167,Trigonal,-2.478640178181215,0.009428664953696,3.442199999999999,1
mp-14488,Li3In2(PO4)3,In,Li3 In2 P3 O12,80,927.5173654896529,3.833924657744293,11.59396706862066,P2_1/c,14,Monoclinic,-2.583733810488095,0.002502827374999,3.8854,3
mp-6425,Li3In2(PO4)3,In,Li3 In2 P3 O12,40,485.68927967845855,3.66080933512781,12.142231991961463,R-3,148,Trigonal,-2.5862366378630943,0.0,3.8434,3
mp-1177925,Li2Mn2(PO4)3,Mn,Li2 Mn2 P3 O12,76,907.4614804137825,2.991272371675751,11.940282637023454,Pbcn,60,Orthorhombic,-2.466460257050386,0.018493405014622002,0.0,2
mp-759126,Li2Mn2(PO4)3,Mn,Li2 Mn2 P3 O12,76,904.0017701612894,3.002720286971801,11.894760133701176,P1,1,Triclinic,-2.461004393892491,0.023949268172517003,0.326999999999999,2
mp-759308,Li2Mn2(PO4)3,Mn,Li2 Mn2 P3 O12,38,453.11435994793385,2.995341457544664,11.924062103892997,P-1,2,Triclinic,-2.470617193760912,0.014336468304096002,0.8459,2
mp-774345,Li2Mn2(PO4)3,Mn,Li2 Mn2 P3 O12,38,453.19009546068366,2.994840886761189,11.926055143702202,P-1,2,Triclinic,-2.459698747708281,0.025254914356727002,0.9609000000000001,2
mp-778246,Li2Mn2(PO4)3,Mn,Li2 Mn2 P3 O12,38,458.3100149900246,2.961384615150517,12.060789868158542,C2/c,15,Monoclinic,-2.455321072181964,0.029632589883044003,0.0,2
mp-1244614,Li3Mn2(PO4)3,Mn,Li3 Mn2 P3 O12,80,922.9066907102397,2.991166592629598,11.536333633877996,Pc,7,Monoclinic,-2.501385330489533,0.066136064750033,1.0426,3
mp-26039,Li3Mn2(PO4)3,Mn,Li3 Mn2 P3 O12,80,923.3652134141756,2.989681245581592,11.542065167677196,P2_1/c,14,Monoclinic,-2.563618484989533,0.0039029102500340003,1.190899999999999,3
mp-26367,Li3Mn2(PO4)3,Mn,Li3 Mn2 P3 O12,40,431.7279888012597,3.197114540838348,10.793199720031492,C2/c,15,Monoclinic,-2.544119331739533,0.023402063500034,1.204,3
mp-26453,Li3Mn2(PO4)3,Mn,Li3 Mn2 P3 O12,40,419.22207053049954,3.292488463063834,10.480551763262488,C2/m,12,Monoclinic,-2.537969623989532,0.029551771250035,0.0,3
mp-26601,Li3Mn2(PO4)3,Mn,Li3 Mn2 P3 O12,40,476.4240593701003,2.897174908648258,11.910601484252506,R-3,148,Trigonal,-2.528964814989533,0.038556580250034,0.0,3
mp-26845,Li3Mn2(PO4)3,Mn,Li3 Mn2 P3 O12,40,461.0415328184911,2.9938383690625363,11.526038320462277,C2/c,15,Monoclinic,-2.535231094489532,0.032290300750035,1.426,3
mp-31969,Li3Mn2(PO4)3,Mn,Li3 Mn2 P3 O12,80,904.3957204259752,3.052389124604176,11.30494650532469,P2_1/c,14,Monoclinic,-2.556454397364533,0.011066997875034,1.084699999999999,3
mp-32024,Li3Mn2(PO4)3,Mn,Li3 Mn2 P3 O12,40,477.22020419082764,2.892341561740466,11.930505104770692,Cc,9,Monoclinic,-2.533599572489533,0.033921822750034004,0.9571000000000001,3
mp-757748,Li3Mn2(PO4)3,Mn,Li3 Mn2 P3 O12,80,935.0963541473881,2.952174553053268,11.688704426842351,C2,5,Monoclinic,-2.515173628239533,0.052347767000034004,0.7835999999999991,3
mp-758937,Li3Mn2(PO4)3,Mn,Li3 Mn2 P3 O12,80,937.7336994346952,2.943871658905924,11.72167124293369,P2_12_12,18,Orthorhombic,-2.548164625239532,0.019356770000035002,0.7339,3
mp-758956,Li3Mn2(PO4)3,Mn,Li3 Mn2 P3 O12,80,921.2494285795856,2.996547488363867,11.51561785724482,P2/c,13,Monoclinic,-2.5180210096145332,0.049500385625034005,0.8166000000000001,3
mp-773057,Li3Mn2(PO4)3,Mn,Li3 Mn2 P3 O12,80,936.6658884901003,2.947227709783286,11.708323606126253,P2_1/c,14,Monoclinic,-2.556238588114533,0.011282807125034001,0.8770000000000001,3
mp-780607,Li3Mn2(PO4)3,Mn,Li3 Mn2 P3 O12,40,468.85416422618954,2.943951309383085,11.721354105654738,C2,5,Monoclinic,-2.510068517989532,0.057452877250035006,0.5819000000000001,3
mp-850909,Li3Mn2(PO4)3,Mn,Li3 Mn2 P3 O12,80,932.2896584270776,2.961062193936943,11.65362073033847,C2,5,Monoclinic,-2.505562026489532,0.06195936875003401,0.5011,3
mp-860928,Li3Mn2(PO4)3,Mn,Li3 Mn2 P3 O12,80,1009.733957219571,2.73395545591868,12.621674465244638,C2/c,15,Monoclinic,-2.504537795614533,0.062983599625034,1.3973,3
mp-863434,Li3Mn2(PO4)3,Mn,Li3 Mn2 P3 O12,80,829.8339879375699,3.326650512625772,10.372924849219624,Ia-3d,230,Cubic,-2.485501249739532,0.082020145500035,0.0,3
mp-760127,Li4Mn2(PO4)3,Mn,Li4 Mn2 P3 O12,84,978.1753991310654,2.869292021149903,11.644945227750778,P2_1/c,14,Monoclinic,-2.588878247410666,0.035984600952388,0.08509999999999901,4
mp-764125,Li4Mn2(PO4)3,Mn,Li4 Mn2 P3 O12,42,489.11503510074755,2.8691316628957972,11.645596073827322,P-1,2,Triclinic,-2.583221307529714,0.041641540833340006,0.8636,4
mp-772945,Li4Mn2(PO4)3,Mn,Li4 Mn2 P3 O12,42,493.2946138724204,2.844822129699728,11.745109854105248,P-1,2,Triclinic,-2.597144554910666,0.027718293452387,0.254799999999999,4
mp-779625,Li4Mn2(PO4)3,Mn,Li4 Mn2 P3 O12,84,957.7086954395738,2.930610196374659,11.40129399332826,P2_1/c,14,Monoclinic,-2.593958297291617,0.030904551071436002,0.0,4
mp-1177120,Li5Mn2(PO4)3,Mn,Li5 Mn2 P3 O12,44,524.2116871181001,2.721013423356074,11.91390197995682,P-1,2,Triclinic,-2.59317070165715,0.083820740454543,3.673,5
mp-768628,Li5Mn2(PO4)3,Mn,Li5 Mn2 P3 O12,44,509.6974651129936,2.79849741260195,11.584033298022582,P-1,2,Triclinic,-2.586262528020787,0.09072891409090601,3.6834,5
mp-768651,Li5Mn2(PO4)3,Mn,Li5 Mn2 P3 O12,44,485.9005911188463,2.935553204502288,11.043195252701052,P1,1,Triclinic,-2.6266615598389693,0.050329882272724,3.9877000000000002,5
mp-778881,Li5Mn2(PO4)3,Mn,Li5 Mn2 P3 O12,88,998.8391522201722,2.856089559881548,11.350444911592867,P2_1,4,Monoclinic,-2.62405257665715,0.052938865454542,4.0627,5
mp-780484,Li5Mn2(PO4)3,Mn,Li5 Mn2 P3 O12,88,1005.2945878982656,2.837749361230687,11.423802135207564,P1,1,Triclinic,-2.58447151540715,0.09251992670454301,3.816499999999999,5
mp-849398,Li5Mn2(PO4)3,Mn,Li5 Mn2 P3 O12,88,977.2542459885263,2.919172862504466,11.105161886233255,P2_1/c,14,Monoclinic,-2.637814674043514,0.039176768068180004,4.1097,5
mp-26040,LiMn2(PO4)3,Mn,Li1 Mn2 P3 O12,72,821.6054834960819,3.247740310498263,11.411187270778916,P2_1/c,14,Monoclinic,-2.36464777684022,0.017623489305570002,1.1008,1
mp-26061,LiMn2(PO4)3,Mn,Li1 Mn2 P3 O12,36,432.83533626410696,3.082420755093414,12.023203785114083,P-1,2,Triclinic,-2.372617994617999,0.009653271527792,1.221,1
mp-26118,LiMn2(PO4)3,Mn,Li1 Mn2 P3 O12,72,817.8151717198775,3.262792548180583,11.358544051664966,Pc,7,Monoclinic,-2.365856824340222,0.01641444180557,1.074399999999999,1
mp-26368,LiMn2(PO4)3,Mn,Li1 Mn2 P3 O12,36,411.3066441492399,3.243761419896299,11.425184559701108,C2/c,15,Monoclinic,-2.2988950104513313,0.08337625569446,0.415699999999999,1
mp-26846,LiMn2(PO4)3,Mn,Li1 Mn2 P3 O12,36,422.42314053158555,3.158398525136102,11.733976125877376,C2/c,15,Monoclinic,-2.370705162951331,0.011566103194460001,0.5995,1
mp-32023,LiMn2(PO4)3,Mn,Li1 Mn2 P3 O12,36,396.62820205022416,3.363806751869288,11.017450056950672,C2/m,12,Monoclinic,-2.320276156562443,0.061995109583348,0.0,1
mp-697792,LiMn2(PO4)3,Mn,Li1 Mn2 P3 O12,36,435.83626467966457,3.061196903885293,12.10656290776846,Cc,9,Monoclinic,-2.359423404062444,0.022847862083347003,0.5692,1
mp-759018,LiMn2(PO4)3,Mn,Li1 Mn2 P3 O12,72,853.6207255685948,3.125933061547037,11.855843410674929,P1,1,Triclinic,-2.343077541562444,0.039193724583348,0.41599999999999904,1
mp-776243,LiMn2(PO4)3,Mn,Li1 Mn2 P3 O12,72,847.0343915279852,3.150239559061021,11.764366548999796,P2_1/c,14,Monoclinic,-2.356748383506888,0.025522882638902,0.7625000000000001,1
mp-776371,Li2Nb2(PO4)3,Nb,Li2 Nb2 P3 O12,38,508.99794934601005,3.161945629984888,13.39468287752658,C2/c,15,Monoclinic,-2.692719612399749,0.112015783065794,0.0,2
mp-26389,LiNb2(PO4)3,Nb,Li1 Nb2 P3 O12,72,986.4735605978954,3.216248872036377,13.701021674970768,P2_1/c,14,Monoclinic,-2.7777630712367722,0.047891897623998,0.0,1
mp-26533,LiNb2(PO4)3,Nb,Li1 Nb2 P3 O12,36,503.8292738741565,3.148630539240122,13.995257607615459,Cc,9,Monoclinic,-2.76981404901455,0.05584091984622001,0.0,1
mp-26591,LiNb2(PO4)3,Nb,Li1 Nb2 P3 O12,36,502.38614414447244,3.157675140473515,13.95517067067979,P-1,2,Triclinic,-2.767537044847882,0.058117924012886006,0.0,1
mp-1177557,Li3Ni2(PO4)3,Ni,Li3 Ni2 P3 O12,80,949.3318263612847,2.960455862551954,11.866647829516058,P2_1/c,14,Monoclinic,-2.260486795571428,0.074473662333329,0.032100000000000004,3
mp-25847,Li3Ni2(PO4)3,Ni,Li3 Ni2 P3 O12,40,419.4768583068141,3.349952345646197,10.486921457670352,C2/c,15,Monoclinic,-2.258282734196427,0.07667772370833001,0.0,3
mp-26275,Li3Ni2(PO4)3,Ni,Li3 Ni2 P3 O12,40,468.535912525744,2.99918842475495,11.713397813143601,R-3,148,Trigonal,-2.273124091446428,0.061836366458329003,0.1063,3
mp-26437,Li3Ni2(PO4)3,Ni,Li3 Ni2 P3 O12,80,901.1513755324476,3.118737924799653,11.264392194155594,P2_1/c,14,Monoclinic,-2.265273041071428,0.069687416833329,0.0,3
mp-26679,Li3Ni2(PO4)3,Ni,Li3 Ni2 P3 O12,40,411.6475536760464,3.4136665525652052,10.29118884190116,C2/m,12,Monoclinic,-2.260262827196428,0.07469763070833,0.0,3
mp-504139,Li3Ni2(PO4)3,Ni,Li3 Ni2 P3 O12,80,914.5115907814991,3.073175888844377,11.43139488476874,C2,5,Monoclinic,-2.252364088571428,0.082596369333328,0.0,3
mp-504271,Li3Ni2(PO4)3,Ni,Li3 Ni2 P3 O12,80,950.6103954024155,2.956474055460637,11.882629942530194,P2_1/c,14,Monoclinic,-2.260034158571427,0.07492629933333,0.0,3
mp-705397,Li3Ni2(PO4)3,Ni,Li3 Ni2 P3 O12,80,926.8564755222659,3.032243982839718,11.585705944028323,C2,5,Monoclinic,-2.220612824196428,0.11434763370832901,0.0,3
mp-772620,Li4Ni2(PO4)3,Ni,Li4 Ni2 P3 O12,42,473.9227199839816,3.013738376586009,11.283874285332896,P-1,2,Triclinic,-2.373135896298186,0.05274843619047401,0.0,4
mp-849437,Li4Ni2(PO4)3,Ni,Li4 Ni2 P3 O12,84,952.7712629968986,2.998157363099226,11.342515035677364,Pbcn,60,Orthorhombic,-2.365955365702948,0.059928966785712,0.0051999999999990006,4
mp-761038,Li5Ni2(PO4)3,Ni,Li5 Ni2 P3 O12,44,473.56889788021573,3.064666405607977,10.76292949727763,P-1,2,Triclinic,-2.450573180936147,0.055630615454541,4.0549,5
mp-777338,Li5Ni2(PO4)3,Ni,Li5 Ni2 P3 O12,88,926.3375354175365,3.133481342565095,10.526562902472007,P2_1,4,Monoclinic,-2.457303110027056,0.048900686363632005,3.819099999999999,5
mp-25848,LiNi2(PO4)3,Ni,Li1 Ni2 P3 O12,36,453.84942858816777,2.994659006208476,12.60692857189355,C2/c,15,Monoclinic,-1.95947355262566,0.158281959444453,0.0,1
mp-25898,LiNi2(PO4)3,Ni,Li1 Ni2 P3 O12,72,964.437355962079,2.818481201256097,13.394963277251097,P1,1,Triclinic,-1.956357746236773,0.161397765833341,0.09040000000000001,1
mp-26438,LiNi2(PO4)3,Ni,Li1 Ni2 P3 O12,72,930.3876659869594,2.921630044057735,12.922050916485547,P2_1/c,14,Monoclinic,-1.9780552441534391,0.139700267916674,0.012699999999999,1
mp-26680,LiNi2(PO4)3,Ni,Li1 Ni2 P3 O12,36,412.4302885600772,3.295403651194615,11.456396904446589,C2/m,12,Monoclinic,-1.974204183458994,0.14355132861112002,0.0,1
mp-540199,LiNi2(PO4)3,Ni,Li1 Ni2 P3 O12,36,455.4065463063932,2.984419723008815,12.650181841844255,P-1,2,Triclinic,-1.953910548736772,0.163844963333342,0.0,1
mp-684539,Li3Sb2(PO4)3,Sb,Li3 Sb2 P3 O12,80,1114.1642678734934,3.274428646507034,13.927053348418667,P2_1/c,14,Monoclinic,-2.464137431696429,0.050181410250004006,3.6037,3
mp-758812,Li3Sb2(PO4)3,Sb,Li3 Sb2 P3 O12,80,1009.6162990684677,3.613502871343894,12.620203738355846,P2/c,13,Monoclinic,-2.438961536196429,0.075357305750004,3.230299999999999,3
mp-759128,Li3Sb2(PO4)3,Sb,Li3 Sb2 P3 O12,40,539.5261940934491,3.380977082836134,13.488154852336228,C2/c,15,Monoclinic,-2.446805196446428,0.067513645500005,3.6068,3
mp-759227,Li3Sb2(PO4)3,Sb,Li3 Sb2 P3 O12,40,507.551904766468,3.593968775782761,12.6887976191617,C2/c,15,Monoclinic,-2.443961647196428,0.070357194750005,3.603499999999999,3
mp-759868,Li3Sb2(PO4)3,Sb,Li3 Sb2 P3 O12,40,489.4947285699913,3.72654819623645,12.237368214249782,C2/m,12,Monoclinic,-2.417695669446428,0.096623172500005,2.5146,3
mp-761135,Li3Sb2(PO4)3,Sb,Li3 Sb2 P3 O12,40,559.7861479487069,3.258611711819093,13.994653698717674,R-3,148,Trigonal,-2.457609451196428,0.056709390750004,3.3515,3
mp-762044,Li3Sb2(PO4)3,Sb,Li3 Sb2 P3 O12,80,1049.7531108202802,3.475342304809889,13.121913885253502,P2_1/c,14,Monoclinic,-2.451127379196428,0.063191462750005,3.620799999999999,3
mp-774523,Li3Sb2(PO4)3,Sb,Li3 Sb2 P3 O12,40,503.82111140117047,3.620582100552909,12.595527785029262,C2,5,Monoclinic,-2.432997072946428,0.08132176900000501,2.972,3
mp-775486,Li3Sb2(PO4)3,Sb,Li3 Sb2 P3 O12,80,1099.3373108340318,3.318591445669839,13.741716385425397,P2_1/c,14,Monoclinic,-2.456122138571429,0.058196703375004,3.6925,3
mp-684508,LiSb2(PO4)3,Sb,Li1 Sb2 P3 O12,72,1014.0810691048722,3.5066673569680713,14.084459293123224,P2_1/c,14,Monoclinic,-2.379534400403438,0.033993194398156006,2.104899999999999,1
mp-6565,Li3Sc2(PO4)3,Sc,Li3 Sc2 P3 O12,80,991.4542811749336,2.650613282678586,12.39317851468667,P2_1/c,14,Monoclinic,-3.121208874571429,0.0,4.7568,3
mp-774742,Li3Sc2(PO4)3,Sc,Li3 Sc2 P3 O12,80,992.0768430129164,2.64894993302108,12.400960537661454,P2_1/c,14,Monoclinic,-3.120147561821428,0.0010613127500080002,4.6701,3
mp-1197890,Li2Ti2(PO4)3,Ti,Li2 Ti2 P3 O12,76,925.4418659005153,2.831653267013464,12.176866656585727,Pbcn,60,Orthorhombic,-2.971238104329575,0.0023069271616460003,0.0393,2
mp-1177523,Li3Ti2(PO4)3,Ti,Li3 Ti2 P3 O12,80,937.4130439094874,2.844673121393851,11.717663048868593,P2/c,13,Monoclinic,-2.839260613529762,0.094097728857138,0.015600000000000001,3
mp-1177524,Li3Ti2(PO4)3,Ti,Li3 Ti2 P3 O12,80,951.253656943235,2.803283509282153,11.890670711790438,P2_1/c,14,Monoclinic,-2.875454595279762,0.057903747107138005,0.034100000000000005,3
mp-25839,Li3Ti2(PO4)3,Ti,Li3 Ti2 P3 O12,80,948.7449307822301,2.81069611350092,11.859311634777876,P2_1/c,14,Monoclinic,-2.878048461779761,0.055309880607138005,0.1295,3
mp-25935,Li3Ti2(PO4)3,Ti,Li3 Ti2 P3 O12,80,920.2614813901633,2.897691301416907,11.503268517377041,P2_1/c,14,Monoclinic,-2.870970304654762,0.062388037732138,0.07779999999999901,3
mp-26883,Li3Ti2(PO4)3,Ti,Li3 Ti2 P3 O12,40,477.25859238441643,2.7936989843709563,11.93146480961041,R-3,148,Trigonal,-2.869104413529762,0.064253928857138,0.0,3
mp-757276,Li3Ti2(PO4)3,Ti,Li3 Ti2 P3 O12,40,422.4996311322874,3.155782269568861,10.562490778307184,C2/m,12,Monoclinic,-2.858399894279762,0.074958448107137,0.0,3
mp-757671,Li3Ti2(PO4)3,Ti,Li3 Ti2 P3 O12,40,480.70492560811954,2.773670028739426,12.01762314020299,C2/c,15,Monoclinic,-2.8624680217797622,0.070890320607138,0.12460000000000002,3
mp-757914,Li3Ti2(PO4)3,Ti,Li3 Ti2 P3 O12,80,847.4199062608341,3.146767818353005,10.592748828260426,Ia-3d,230,Cubic,-2.833888380779762,0.099469961607138,0.0102,3
mp-758287,Li3Ti2(PO4)3,Ti,Li3 Ti2 P3 O12,40,438.95769206478366,3.03746094197588,10.97394230161959,C2/c,15,Monoclinic,-2.845151516029762,0.088206826357138,0.36809999999999904,3
mp-758310,Li3Ti2(PO4)3,Ti,Li3 Ti2 P3 O12,80,943.5819799181038,2.826075260450351,11.794774748976298,C2,5,Monoclinic,-2.8560770785297622,0.077281263857138,0.0,3
mp-758362,Li3Ti2(PO4)3,Ti,Li3 Ti2 P3 O12,80,949.4920579154204,2.80848446010999,11.868650723942755,C2,5,Monoclinic,-2.838569332279761,0.09478901010713901,0.0021000000000000003,3
mp-758393,Li3Ti2(PO4)3,Ti,Li3 Ti2 P3 O12,40,476.6566014340283,2.797227271824943,11.916415035850708,C2,5,Monoclinic,-2.8340159595297623,0.099342382857138,0.0,3
mp-759187,Li3Ti2(PO4)3,Ti,Li3 Ti2 P3 O12,40,469.1637356821585,2.841900904570191,11.729093392053963,C2/c,15,Monoclinic,-2.840969761529762,0.09238858085713801,0.055499999999999,3
mp-776625,Li3Ti2(PO4)3,Ti,Li3 Ti2 P3 O12,40,480.3062996671614,2.775972011507255,12.007657491679035,P1,1,Triclinic,-2.869611538529762,0.063746803857138,0.026399999999999,3
mp-781803,Li3Ti2(PO4)3,Ti,Li3 Ti2 P3 O12,40,479.22689868111854,2.7822245547903943,11.980672467027963,P1,1,Triclinic,-2.866144306529762,0.067214035857138,0.0,3
mp-18640,LiTi2(PO4)3,Ti,Li1 Ti2 P3 O12,36,452.4846148490083,2.8447677466583263,12.56901707913912,R-3c,167,Trigonal,-3.018196908273809,0.0,2.4425,1
mp-25840,LiTi2(PO4)3,Ti,Li1 Ti2 P3 O12,72,902.9110615448577,2.851252339248529,12.540431410345246,P2_1/c,14,Monoclinic,-3.017262740079365,0.000934168194431,2.5905,1
mp-26884,LiTi2(PO4)3,Ti,Li1 Ti2 P3 O12,36,466.4033916285907,2.7598719505166383,12.955649767460853,P-1,2,Triclinic,-3.012669638273809,0.005527269999985001,2.6676,1
mp-725054,LiTi2(PO4)3,Ti,Li1 Ti2 P3 O12,36,466.4033872711958,2.7598719763008672,12.955649646422106,P-1,2,Triclinic,2.214990465892857,5.233187374166652,0.0,1
mp-759377,LiTi2(PO4)3,Ti,Li1 Ti2 P3 O12,72,903.7626159942953,2.8485657968169362,12.552258555476323,P2_1/c,14,Monoclinic,-3.014675957162699,0.003520951111097,2.617099999999999,1
mp-759793,LiTi2(PO4)3,Ti,Li1 Ti2 P3 O12,72,904.4097446531306,2.846527574015162,12.561246453515702,Pna2_1,33,Orthorhombic,-3.016703070634921,0.001493837638873,2.668,1
mp-762322,LiTi2(PO4)3,Ti,Li1 Ti2 P3 O12,36,460.7973127232799,2.793448665258553,12.799925353424442,C2,5,Monoclinic,-3.00834078938492,0.009856118888874001,2.4778000000000002,1
mp-772524,LiTi2(PO4)3,Ti,Li1 Ti2 P3 O12,36,462.7338237856952,2.781758263639958,12.853717327380423,P1,1,Triclinic,-2.9921210066071433,0.026075901666652003,2.7656,1
mp-773017,LiTi2(PO4)3,Ti,Li1 Ti2 P3 O12,72,906.3128199637422,2.8405504365105863,12.587678055051974,Pca2_1,29,Orthorhombic,-3.012545660357143,0.005651247916652001,2.4919000000000002,1
mp-773843,LiTi2(PO4)3,Ti,Li1 Ti2 P3 O12,72,905.4030591210701,2.843404658763028,12.57504248779264,P2_12_12,18,Orthorhombic,-3.010003349107143,0.008193559166652,2.3399,1
mp-774539,LiTi2(PO4)3,Ti,Li1 Ti2 P3 O12,72,897.6122610675751,2.86808390217537,12.466836959271877,P1,1,Triclinic,-3.009925975079364,0.008270933194431,2.6188000000000002,1
mp-774579,LiTi2(PO4)3,Ti,Li1 Ti2 P3 O12,72,917.9402876502072,2.804569437684563,12.749170661808433,P-1,2,Triclinic,-3.005972689523809,0.012224218749986,2.5518,1
mp-776502,LiTi2(PO4)3,Ti,Li1 Ti2 P3 O12,36,462.05775647397866,2.78582843842827,12.834937679832741,P1,1,Triclinic,-3.006099874662698,0.012097033611096,2.6723,1
mp-787252,LiTi2(PO4)3,Ti,Li1 Ti2 P3 O12,72,917.9403364860311,2.804569288477198,12.749171340083766,P-1,2,Triclinic,0.49797469061507904,3.5161715988888753,0.0,1
mp-1177831,Li2V2(PO4)3,V,Li2 V2 P3 O12,38,465.0365210813836,2.861466767923557,12.2378031863522,P-1,2,Triclinic,-2.6874679129260652,0.009806976074573,1.0004,2
mp-1199961,Li2V2(PO4)3,V,Li2 V2 P3 O12,76,916.011336941305,2.905393191722971,12.052780749227697,Pbcn,60,Orthorhombic,-2.694543390031329,0.0027314989693080004,0.0,2
mp-26957,Li2V2(PO4)3,V,Li2 V2 P3 O12,76,904.3322284686437,2.942915245204714,11.899108269324259,P2_1/c,14,Monoclinic,-2.6921169331892223,0.005157955811415001,0.0,2
mp-758511,Li2V2(PO4)3,V,Li2 V2 P3 O12,38,462.31318501598656,2.878322734617978,12.16613644778912,P-1,2,Triclinic,-2.692501939505013,0.0047729494956240005,1.1589,2
mp-759481,Li2V2(PO4)3,V,Li2 V2 P3 O12,76,919.8902967734415,2.8931418357441263,12.103819694387388,P1,1,Triclinic,-2.690546230031328,0.0067286589693100005,0.8700000000000001,2
mp-849317,Li2V2(PO4)3,V,Li2 V2 P3 O12,76,910.5790916505149,2.9227259073852903,11.981303837506776,P2_1/c,14,Monoclinic,-2.695738242005012,0.0015366469956240001,0.0,2
mp-1177570,Li3V2(PO4)3,V,Li3 V2 P3 O12,80,1033.0820372569312,2.620775708891788,12.91352546571164,C2/c,15,Monoclinic,-2.634127335821428,0.093479300374999,2.083999999999999,3
mp-1202865,Li3V2(PO4)3,V,Li3 V2 P3 O12,80,938.2913653057068,2.885538979305514,11.728642066321335,P2_1/c,14,Monoclinic,-2.702705422696428,0.024901213499999002,1.9273,3
mp-26711,Li3V2(PO4)3,V,Li3 V2 P3 O12,40,456.3125654450252,2.966690502917559,11.40781413612563,C2/c,15,Monoclinic,-2.692764447196428,0.034842188999999,1.9372999999999991,3
mp-26903,Li3V2(PO4)3,V,Li3 V2 P3 O12,40,431.8250111695785,3.134922987904672,10.795625279239463,C2/c,15,Monoclinic,-2.685188461196428,0.042418174999999,1.8138,3
mp-32530,Li3V2(PO4)3,V,Li3 V2 P3 O12,80,938.9223765642618,2.883599726787533,11.736529707053272,P2/c,13,Monoclinic,-2.689070334571428,0.038536301624999006,1.9588,3
mp-6396,Li3V2(PO4)3,V,Li3 V2 P3 O12,80,936.6771724375847,2.890511681297346,11.708464655469808,P2_1/c,14,Monoclinic,-2.727606636196428,0.0,1.8718999999999992,3
mp-643154,Li3V2(PO4)3,V,Li3 V2 P3 O12,80,944.6599657830564,2.866085582753684,11.808249572288204,P2_1/c,14,Monoclinic,-2.720508113696428,0.007098522499999001,2.0608,3
mp-694966,Li3V2(PO4)3,V,Li3 V2 P3 O12,80,1097.2989348181004,2.467400835474451,13.716236685226255,P2,3,Monoclinic,-1.7016413864464282,1.025965249749999,0.0,3
mp-705293,Li3V2(PO4)3,V,Li3 V2 P3 O12,40,477.9997001598626,2.832089965359723,11.949992503996565,Cc,9,Monoclinic,-2.702058204696428,0.025548431499999,1.931899999999999,3
mp-756749,Li3V2(PO4)3,V,Li3 V2 P3 O12,80,828.2441207521043,3.268935137235657,10.353051509401304,Ia-3d,230,Cubic,-2.680984674821428,0.04662196137500001,0.0,3
mp-756924,Li3V2(PO4)3,V,Li3 V2 P3 O12,80,937.2214651126225,2.888833012600772,11.715268313907782,C2,5,Monoclinic,-2.671983766946428,0.055622869249999006,1.5255,3
mp-757321,Li3V2(PO4)3,V,Li3 V2 P3 O12,80,908.588729030772,2.979870013821963,11.35735911288465,P2_1/c,14,Monoclinic,-2.724561623821428,0.0030450123749990003,2.0794,3
mp-757678,Li3V2(PO4)3,V,Li3 V2 P3 O12,80,1037.495924814593,2.609625969392843,12.968699060182413,C2,5,Monoclinic,-2.634925424321429,0.092681211874999,2.0829,3
mp-759065,Li3V2(PO4)3,V,Li3 V2 P3 O12,80,945.139262056571,2.864632141769338,11.814240775707137,P2_12_12,18,Orthorhombic,-2.723334681696428,0.004271954499999,1.8559,3
mp-774346,Li3V2(PO4)3,V,Li3 V2 P3 O12,40,471.256287605038,2.872615580680119,11.78140719012595,C2,5,Monoclinic,-2.683326558196428,0.044280077999999,0.025799999999999,3
mp-775921,Li3V2(PO4)3,V,Li3 V2 P3 O12,40,473.62293568837737,2.85826139796237,11.840573392209434,Cc,9,Monoclinic,-2.6975315989464272,0.030075037250000002,2.0292,3
mp-831152,Li3V2(PO4)3,V,Li3 V2 P3 O12,40,473.5555464569919,2.858668142303448,11.838888661424798,R-3,148,Trigonal,-2.691986946946429,0.035619689249998004,0.0,3
mp-760234,Li4V2(PO4)3,V,Li4 V2 P3 O12,84,977.6703016568691,2.816470450737805,11.638932162581776,Pbcn,60,Orthorhombic,-2.6735001922505672,0.030578416904768,0.105299999999999,4
mp-761150,Li4V2(PO4)3,V,Li4 V2 P3 O12,42,493.80218094370537,2.788140293262904,11.757194784373937,C2/c,15,Monoclinic,-2.641591545345805,0.06248706380953001,0.0,4
mp-770403,Li4V2(PO4)3,V,Li4 V2 P3 O12,42,471.8408317930957,2.917911432883309,11.23430551888323,R-3c,167,Trigonal,-2.6277697241553293,0.076308885000005,0.2139,4
mp-777185,Li4V2(PO4)3,V,Li4 V2 P3 O12,42,485.72626671879055,2.834497230077392,11.564911112352156,P-1,2,Triclinic,-2.683386693441044,0.020691915714292002,0.5274000000000001,4
mp-1101492,LiV2(PO4)3,V,Li1 V2 P3 O12,36,449.9016027802031,2.906490973897371,12.497266743894532,Cc,9,Monoclinic,-2.653601771514551,0.001384545555584,0.199,1
mp-1101493,LiV2(PO4)3,V,Li1 V2 P3 O12,36,441.1605383320614,2.964079590088732,12.254459398112816,C2/c,15,Monoclinic,-2.6542201223478843,0.0007661947222510001,1.3169,1
mp-1101601,LiV2(PO4)3,V,Li1 V2 P3 O12,72,885.9151262178558,2.952054680915471,12.304376753025775,P2/c,13,Monoclinic,-2.6549863170701062,0.0,1.3092000000000001,1
mp-26103,LiV2(PO4)3,V,Li1 V2 P3 O12,36,450.9681864765893,2.899616839580551,12.526894068794148,P-1,2,Triclinic,-2.643328861236772,0.011657455833363,1.2243,1
mp-26123,LiV2(PO4)3,V,Li1 V2 P3 O12,72,879.8740761196109,2.972322933730485,12.220473279439041,P2_1/c,14,Monoclinic,-2.646817223458995,0.008169093611139001,0.0,1
mp-26712,LiV2(PO4)3,V,Li1 V2 P3 O12,36,443.0996428312161,2.9511081057691593,12.308323411978225,R-3c,167,Trigonal,-2.653349933736772,0.001636383333362,1.3097,1
mp-26904,LiV2(PO4)3,V,Li1 V2 P3 O12,36,435.0327190135424,3.005831263882279,12.084242194820623,C2/c,15,Monoclinic,-2.571557252070105,0.08342906500003,1.109899999999999,1
mp-697749,LiV2(PO4)3,V,Li1 V2 P3 O12,36,454.4989694860605,2.87709111662293,12.624971374612791,Cc,9,Monoclinic,-2.643238078458995,0.011748238611139002,1.405299999999999,1
mp-758344,LiV2(PO4)3,V,Li1 V2 P3 O12,72,943.9318697176465,2.770612985053183,13.110164857189535,Pbcm,57,Orthorhombic,-2.576760634847883,0.078225682222252,0.6595000000000001,1
mp-758401,LiV2(PO4)3,V,Li1 V2 P3 O12,36,424.56186211093086,3.079963285258434,11.793385058636968,C2/c,15,Monoclinic,-2.58425434651455,0.070731970555584,1.238,1
mp-758644,LiV2(PO4)3,V,Li1 V2 P3 O12,36,424.6830636572716,3.07908428549416,11.796751768257543,C2/c,15,Monoclinic,-2.596959477070105,0.05802684000003001,0.0,1
mp-758869,LiV2(PO4)3,V,Li1 V2 P3 O12,72,894.7448963849486,2.922922394764984,12.427012449790952,P1,1,Triclinic,-2.638784241514551,0.016202075555584002,1.2123,1
mp-776244,LiV2(PO4)3,V,Li1 V2 P3 O12,72,896.0471993619876,2.918674258574092,12.445099991138717,P2_1/c,14,Monoclinic,-2.6362076191534403,0.018778697916695,0.002,1
mp-849376,LiV2(PO4)3,V,Li1 V2 P3 O12,36,451.5842078094033,2.895661373912624,12.544005772483425,P-1,2,Triclinic,-2.6406349512367733,0.014351365833362,1.3514,1
mp-849421,LiV2(PO4)3,V,Li1 V2 P3 O12,72,887.5142279328988,2.946735740041534,12.32658649906804,P2_1/c,14,Monoclinic,-2.642242212486773,0.012744104583362,1.260199999999999,1
mp-858880,LiV2(PO4)3,V,Li1 V2 P3 O12,36,451.5842653904709,2.895661004689677,12.544007371957525,P-1,2,Triclinic,2.324769807374338,4.979756124444474,0.0,1
mp-773052,Li2Zr2(PO4)3,Zr,Li2 Zr2 P3 O12,38,520.5856909213105,3.070098234774579,13.699623445297645,C2/c,15,Monoclinic,-3.009539326873434,0.09826736089849601,0.0,2
mp-10499,LiZr2(PO4)3,Zr,Li1 Zr2 P3 O12,72,978.4736424490853,3.219703708075803,13.589911700681741,P2_1/c,14,Monoclinic,-3.170948748458995,0.0,4.253299999999999,1
mp-1246721,LiZr2(PO4)3,Zr,Li1 Zr2 P3 O12,36,502.05863593815025,3.137477367519938,13.946073220504173,P-1,2,Triclinic,-2.990097490125661,0.180851258333335,3.7937000000000003,1
mp-541661,LiZr2(PO4)3,Zr,Li1 Zr2 P3 O12,36,490.6598632839761,3.210365724396355,13.629440646777114,R-3c,167,Trigonal,-3.153129242903439,0.017819505555557003,4.1404,1
mp-681439,LiZr2(PO4)3,Zr,Li1 Zr2 P3 O12,36,532.8667006428518,2.956081897261653,14.801852795634773,C2,5,Monoclinic,-3.155012457903438,0.015936290555558,4.230700000000001,1
mp-759280,LiZr2(PO4)3,Zr,Li1 Zr2 P3 O12,36,521.632153244983,3.019747915508751,14.489782034582861,P-1,2,Triclinic,-3.162862737903439,0.008086010555556,4.430700000000001,1
mp-773068,LiZr2(PO4)3,Zr,Li1 Zr2 P3 O12,36,524.6423635124157,3.00242168184461,14.573398986455992,Cc,9,Monoclinic,-3.159846414570106,0.01110233388889,4.3114,1
mp-773074,LiZr2(PO4)3,Zr,Li1 Zr2 P3 O12,36,526.2462641412424,2.993270859593413,14.617951781701176,P1,1,Triclinic,-3.139607035958994,0.031341712500003005,4.3898,1
