material_id,original_formula,M_element,composition_reduced,nsites,volume,density,density_atomic,spacegroup_symbol,spacegroup_number,crystal_system,formation_energy_per_atom,energy_above_hull,band_gap,Li_count,a,b,c,alpha,beta,gamma,Li_mass_frac,P_mass_frac,O_mass_frac,M_mass_frac,total_elec_neg,mean_radius
mp-25929,Li3Bi2(PO4)3,Bi,Li3 Bi2 P3 O12,40,571.8328341812477,4.203076634588401,14.295820854531192,R-3,148,Trigonal,-2.509938990196429,0.039916890249999,3.7574,3,9.75635832902349,9.75635832902349,9.756357993448272,54.45921639813002,54.45921639813002,54.45921978267487,0.02877305627503243,0.12839789613534952,0.26529412855021106,0.577534919039407,54.83,0.8875
mp-27069,Li3Bi2(PO4)3,Bi,Li3 Bi2 P3 O12,80,1080.6273519731658,4.448262798177532,13.507841899664571,P2_1/c,14,Monoclinic,-2.510777986946429,0.039077893499999,4.0926,3,9.363668,8.873664999999999,15.563777902550044,56.68106808783795,90.0,90.0,0.02877305627503243,0.12839789613534952,0.26529412855021106,0.577534919039407,54.83,0.8875
mp-684042,Li3Bi2(PO4)3,Bi,Li3 Bi2 P3 O12,40,555.7061522957953,4.325050594290229,13.892653807394884,C2/c,15,Monoclinic,-2.501184845696428,0.048671034749999,4.026,3,8.875133839448564,8.875133839448564,9.254019761441025,63.64111873538401,63.64111873538401,63.3259393728408,0.02877305627503243,0.12839789613534952,0.26529412855021106,0.577534919039407,54.83,0.8875
mp-684504,Li3Bi2(PO4)3,Bi,Li3 Bi2 P3 O12,80,1136.6204016177678,4.229129128452721,14.207755020222098,P2_1/c,14,Monoclinic,-2.512523591821428,0.037332288624999,4.0294,3,9.233426,9.224183,16.03576682084873,56.326828540646595,90.0,90.0,0.02877305627503243,0.12839789613534952,0.26529412855021106,0.577534919039407,54.83,0.8875
mp-759290,Li3Bi2(PO4)3,Bi,Li3 Bi2 P3 O12,40,549.8018548054773,4.371497118881167,13.745046370136931,C2/c,15,Monoclinic,-2.4661688149464283,0.0836870655,3.6043,3,9.024653582848984,9.024653582848984,8.876968451310223,63.294954285639854,63.294954285639854,63.643772542893586,0.02877305627503243,0.12839789613534952,0.26529412855021106,0.577534919039407,54.83,0.8875
mp-759381,Li3Bi2(PO4)3,Bi,Li3 Bi2 P3 O12,40,505.0786474173743,4.758580146928201,12.626966185434355,C2/m,12,Monoclinic,-2.477896700446429,0.071959179999999,3.113099999999999,3,5.157749802145311,5.157749802145311,20.742173319356315,89.56071167584805,89.56071167584805,66.26004692687398,0.02877305627503243,0.12839789613534952,0.26529412855021106,0.577534919039407,54.83,0.8875
mp-759390,Li3Bi2(PO4)3,Bi,Li3 Bi2 P3 O12,80,1059.9644371309323,4.534977099313339,13.249555464136654,P2/c,13,Monoclinic,-2.459221797196428,0.090634083249999,3.1666,3,9.449902,8.813636,12.853011048981248,81.95434423423224,90.0,90.0,0.02877305627503243,0.12839789613534952,0.26529412855021106,0.577534919039407,54.83,0.8875
mp-759734,Li3Bi2(PO4)3,Bi,Li3 Bi2 P3 O12,80,1090.351644933083,4.408590999805702,13.629395561663538,C2/c,15,Monoclinic,-2.459954231821429,0.089901648624999,3.5437000000000003,3,9.717118460680462,9.717118460680462,17.387839578986288,63.944001283364734,63.944001283364734,49.34402390797083,0.02877305627503243,0.12839789613534952,0.26529412855021106,0.577534919039407,54.83,0.8875
mp-780333,Li3Bi2(PO4)3,Bi,Li3 Bi2 P3 O12,80,1130.281559610458,4.252846919073859,14.128519495130725,P2_1/c,14,Monoclinic,-2.504520078321428,0.045335802124999,4.1031,3,9.237253,9.30885,16.038490426226527,55.041438068623755,90.0,90.0,0.02877305627503243,0.12839789613534952,0.26529412855021106,0.577534919039407,54.83,0.8875
mp-26285,LiBi2(PO4)3,Bi,Li1 Bi2 P3 O12,72,1067.3624683840685,4.417157408881906,14.824478727556508,P2_1,4,Monoclinic,-2.289939936236772,0.070334764675926,0.2874,1,9.341174,8.939769,12.78211802647202,89.46895121984105,90.0,90.0,0.009778592078453425,0.13090899743542794,0.27048253467801364,0.588829875808105,52.870000000000005,0.825
mp-26301,LiBi2(PO4)3,Bi,Li1 Bi2 P3 O12,72,1099.724784147192,4.287170847787432,15.273955335377666,Pc,7,Monoclinic,-2.283144509708994,0.077130191203703,0.2443,1,9.259155,9.171129,15.803458236707085,55.03265367147935,90.0,90.0,0.009778592078453425,0.13090899743542794,0.27048253467801364,0.588829875808105,52.870000000000005,0.825
mp-504151,LiBi2(PO4)3,Bi,Li1 Bi2 P3 O12,36,552.470342734188,4.266933145996555,15.346398409283,P-1,2,Triclinic,-2.299484700958995,0.060789999953703,0.5567000000000001,1,8.786888172686734,9.682572871149743,8.77153018588376,63.44178078290878,60.14508532321974,62.968754617518826,0.009778592078453425,0.13090899743542794,0.27048253467801364,0.588829875808105,52.870000000000005,0.825
mp-540013,LiBi2(PO4)3,Bi,Li1 Bi2 P3 O12,36,557.4946987037338,4.228477908532256,15.485963852881492,C2/c,15,Monoclinic,-2.253349445125661,0.106925255787037,0.0,1,9.086756362042783,9.086756362042783,9.146943759112657,62.06312359078019,62.06312359078019,61.76356651262879,0.009778592078453425,0.13090899743542794,0.27048253467801364,0.588829875808105,52.870000000000005,0.825
mp-585241,LiBi2(PO4)3,Bi,Li1 Bi2 P3 O12,72,1068.8343574534324,4.411074552672751,14.844921631297671,P2_1/c,14,Monoclinic,-2.298465336097884,0.061809364814815,0.5374,1,9.319793,8.981119,15.460294358874963,55.68534516235007,90.0,90.0,0.009778592078453425,0.13090899743542794,0.27048253467801364,0.588829875808105,52.870000000000005,0.825
mp-729481,LiBi2(PO4)3,Bi,Li1 Bi2 P3 O12,36,552.4702750339994,4.266933668870258,15.346396528722206,P-1,2,Triclinic,3.425564751541005,5.785839452453704,0.0,1,8.77153,8.78688772302008,9.676167305623235,116.95681428544451,89.73345629108124,119.85491115091838,0.009778592078453425,0.13090899743542794,0.27048253467801364,0.588829875808105,52.870000000000005,0.825
mp-26087,Li3Co2(PO4)3,Co,Li3 Co2 P3 O12,80,922.0443548314206,3.05152400515119,11.525554435392758,P2_1/c,14,Monoclinic,-2.341008921821429,0.032696838624996,1.1288,3,8.717461,8.716301,12.138003481085757,88.66625906373191,90.0,90.0,0.04915682042231401,0.2193591206508419,0.4532370740036137,0.2782469849232304,54.55,0.8625
mp-584742,Li3Co2(PO4)3,Co,Li3 Co2 P3 O12,80,887.7638182757513,3.16935701214652,11.097047728446892,P2_1/c,14,Monoclinic,-2.276380654446429,0.097325105999996,1.1195,3,8.755157,8.450388,14.478026443264877,55.97522487091003,90.0,90.0,0.04915682042231401,0.2193591206508419,0.4532370740036137,0.2782469849232304,54.55,0.8625
mp-773159,Li3Co2(PO4)3,Co,Li3 Co2 P3 O12,40,450.971248398876,3.119534219278661,11.2742812099719,C2,5,Monoclinic,-2.279242041446429,0.094463718999995,0.7849,3,8.48855441772302,8.48855441772302,8.410071136338205,62.3899105741683,62.3899105741683,62.27185302353412,0.04915682042231401,0.2193591206508419,0.4532370740036137,0.2782469849232304,54.55,0.8625
mp-774352,Li3Co2(PO4)3,Co,Li3 Co2 P3 O12,80,916.3176654756636,3.070595044265191,11.453970818445791,P2_1/c,14,Monoclinic,-2.301883707321429,0.071822053124996,0.9897,3,8.714192,8.712962,14.771525957525887,54.786664853299705,90.0,90.0,0.04915682042231401,0.2193591206508419,0.4532370740036137,0.2782469849232304,54.55,0.8625
mp-775012,Li3Co2(PO4)3,Co,Li3 Co2 P3 O12,40,444.0821220971782,3.167928117996286,11.102053052429456,R-3,148,Trigonal,-2.278882952696428,0.094822807749996,0.042,3,8.830900026955634,8.830900026955634,8.83090000975648,56.19526901603523,56.19526901603523,56.19526582295525,0.04915682042231401,0.2193591206508419,0.4532370740036137,0.2782469849232304,54.55,0.8625
mp-772654,Li4Co2(PO4)3,Co,Li4 Co2 P3 O12,42,476.23980524686414,3.002419849958703,11.339042982068191,P-1,2,Triclinic,-2.397636342964852,0.0584870842857,0.411599999999999,4,9.10950443610414,8.519034065801474,8.385083744998973,59.1114917112254,63.44315895389269,62.5439880972284,0.06448578845545332,0.21582273418832576,0.4459302364850222,0.27376124087119874,55.53,0.8904761904761904
mp-780762,Li4Co2(PO4)3,Co,Li4 Co2 P3 O12,84,948.6866597633792,3.014423845635796,11.293888806706898,Pbcn,60,Orthorhombic,-2.400110811179138,0.056012616071415,0.004,4,8.745071,8.911967,12.172671,90.0,90.0,90.0,0.06448578845545332,0.21582273418832576,0.4459302364850222,0.27376124087119874,55.53,0.8904761904761904
mp-780435,Li5Co2(PO4)3,Co,Li5 Co2 P3 O12,88,949.4702384489814,3.060492870865829,10.789434527829334,P2_1,4,Monoclinic,-2.450207194231602,0.08084138465909,2.7403999999999997,5,8.699978,8.792960273999423,12.412541229143894,90.02394419214176,90.69837955517144,90.06844509612155,0.07932834780553949,0.212398562003919,0.4388552547056442,0.26941783548489723,56.510000000000005,0.9159090909090909
mp-26088,LiCo2(PO4)3,Co,Li1 Co2 P3 O12,72,901.5232953350333,3.018706320041003,12.52115687965324,P2_1/c,14,Monoclinic,-2.044365894847884,0.120186450509253,0.0,1,8.675564,8.589091,12.099115952949496,89.42846361335293,90.0,90.0,0.016940776616747324,0.22679134837442597,0.4685934500538605,0.28767442495496626,52.59,0.7972222222222222
mp-758304,LiCo2(PO4)3,Co,Li1 Co2 P3 O12,36,412.7073466676202,3.2970506719423662,11.464092962989447,R-3c,167,Trigonal,-2.045679663181216,0.11887268217592,0.0,1,8.398920045132291,8.398920045132291,8.398920007014533,59.346103183407514,59.346103183407514,59.34610481410848,0.016940776616747324,0.22679134837442597,0.4685934500538605,0.28767442495496626,52.59,0.7972222222222222
mp-758309,LiCo2(PO4)3,Co,Li1 Co2 P3 O12,72,917.6545192655065,2.9656412213501677,12.745201656465367,P2_1,4,Monoclinic,-2.033847803042328,0.130704542314809,0.0,1,8.76691,8.701593,12.029278221433112,89.70706302416893,90.0,90.0,0.016940776616747324,0.22679134837442597,0.4685934500538605,0.28767442495496626,52.59,0.7972222222222222
mp-764732,LiCo2(PO4)3,Co,Li1 Co2 P3 O12,72,917.774349070204,2.965254010475601,12.746865959308389,Pc,7,Monoclinic,-1.995279845542327,0.169272499814809,0.0,1,8.783619,8.670389,14.78769356030605,54.581015224408894,90.0,90.0,0.016940776616747324,0.22679134837442597,0.4685934500538605,0.28767442495496626,52.59,0.7972222222222222
mp-776223,LiCo2(PO4)3,Co,Li1 Co2 P3 O12,36,462.2951271913325,2.943394716083307,12.841531310870346,P-1,2,Triclinic,-2.025040870403439,0.139511474953698,0.0,1,8.391702,8.40822127442719,8.975521544194354,90.248541015889,117.76115097761989,119.87769263146642,0.016940776616747324,0.22679134837442597,0.4685934500538605,0.28767442495496626,52.59,0.7972222222222222
mp-863391,LiCo2(PO4)3,Co,Li1 Co2 P3 O12,72,910.543104986098,2.988803115843271,12.646432013695808,P2_1,4,Monoclinic,-2.053415324292328,0.111137021064809,0.0,1,8.580157390382164,12.128144816387973,8.75008604,90.0,90.0,90.1476409365659,0.016940776616747324,0.22679134837442597,0.4685934500538605,0.28767442495496626,52.59,0.7972222222222222
mp-889033,LiCo2(PO4)3,Co,Li1 Co2 P3 O12,36,462.2951271913325,2.943394716083307,12.841531310870346,P-1,2,Triclinic,2.391071685429894,4.555624030787032,0.0,1,8.391702,8.40822127442719,8.975512626951955,117.820931612084,90.14340696561621,119.87769263146642,0.016940776616747324,0.22679134837442597,0.4685934500538605,0.28767442495496626,52.59,0.7972222222222222
mp-777909,Li2Cr2(PO4)3,Cr,Li2 Cr2 P3 O12,38,457.2797910159498,2.925323609800742,12.033678710946049,C2/c,15,Monoclinic,-2.5638696971365897,0.032257115763158,0.0,2,8.62364593505508,8.62364593505508,8.693991249598197,59.81632948223711,59.81632948223711,60.40596677868744,0.034464756008321454,0.2306951051699652,0.47665934356392875,0.25818079525778465,53.13,0.8368421052631578
mp-850906,Li2Cr2(PO4)3,Cr,Li2 Cr2 P3 O12,38,454.0331072522389,2.946241909624777,11.9482396645326,P-1,2,Triclinic,-2.567449980294485,0.028676832605264,0.0,2,8.31952,8.365661707933091,8.904643451834609,62.191809077384676,62.38856399513244,60.34550516397505,0.034464756008321454,0.2306951051699652,0.47665934356392875,0.25818079525778465,53.13,0.8368421052631578
mp-1177733,Li3Cr2(PO4)3,Cr,Li3 Cr2 P3 O12,80,1009.836684766803,2.6949763120964043,12.622958559585038,C2/c,15,Monoclinic,-2.5747164516964283,0.092836140999999,2.2562,3,9.103598577346213,9.103598577346213,16.363626909314757,65.18496720813246,65.18496720813246,58.086108276330954,0.05082136110719701,0.2267870254214633,0.4685845180224681,0.25380709544887153,54.11,0.8674999999999999
mp-25837,Li3Cr2(PO4)3,Cr,Li3 Cr2 P3 O12,80,895.1578831496014,3.040230104388942,11.189473539370017,P2/c,13,Monoclinic,-2.631389426196427,0.0361631665,2.9463,3,8.702882,8.428616,12.212491126336879,87.78714390252131,90.0,90.0,0.05082136110719701,0.2267870254214633,0.4685845180224681,0.25380709544887153,54.11,0.8674999999999999
mp-26045,Li3Cr2(PO4)3,Cr,Li3 Cr2 P3 O12,80,885.341398542044,3.073939554858912,11.06676748177555,P2_1/c,14,Monoclinic,-2.663927587946427,0.00362500475,3.0477,3,8.72535,8.455292,14.62855783088767,55.1195823391947,90.0,90.0,0.05082136110719701,0.2267870254214633,0.4685845180224681,0.25380709544887153,54.11,0.8674999999999999
mp-26079,Li3Cr2(PO4)3,Cr,Li3 Cr2 P3 O12,80,923.80973311769,2.945937726102947,11.547621663971125,P2_1/c,14,Monoclinic,-2.662338173196428,0.005214419499999,2.8178,3,8.727649,8.671997,14.979047736251628,54.57332446116118,90.0,90.0,0.05082136110719701,0.2267870254214633,0.4685845180224681,0.25380709544887153,54.11,0.8674999999999999
mp-26489,Li3Cr2(PO4)3,Cr,Li3 Cr2 P3 O12,40,404.6540981670349,3.362731227559582,10.116352454175871,C2/m,12,Monoclinic,-2.623978575946427,0.04357401675,1.8989,3,4.8538666674638895,4.8538666674638895,18.742404425927695,89.63627527333492,89.63627527333492,66.40846776415495,0.05082136110719701,0.2267870254214633,0.4685845180224681,0.25380709544887153,54.11,0.8674999999999999
mp-26605,Li3Cr2(PO4)3,Cr,Li3 Cr2 P3 O12,80,911.1449458488004,2.9868858483292438,11.389311823110006,C2,5,Monoclinic,-2.634305192321428,0.033247400375,2.8815,3,9.738565434850454,9.738565434850454,9.6782315309046,85.95794857702818,85.95794857702818,85.77968648904393,0.05082136110719701,0.2267870254214633,0.4685845180224681,0.25380709544887153,54.11,0.8674999999999999
mp-26705,Li3Cr2(PO4)3,Cr,Li3 Cr2 P3 O12,40,446.4172877222924,3.048141301178149,11.16043219305731,C2/c,15,Monoclinic,-2.637023710946427,0.03052888175,2.9381999999999997,3,8.40771392284948,8.40771392284948,8.567271944945427,61.493827939401285,61.493827939401285,62.745303281251985,0.05082136110719701,0.2267870254214633,0.4685845180224681,0.25380709544887153,54.11,0.8674999999999999
mp-26739,Li3Cr2(PO4)3,Cr,Li3 Cr2 P3 O12,80,807.3217101482613,3.371005523972231,10.091521376853269,Ia-3d,230,Cubic,-2.632744236071428,0.034808356624999,3.1577,3,10.159901732155285,10.159901732155285,10.159901732155285,109.47122063449069,109.47122063449069,109.47122063449069,0.05082136110719701,0.2267870254214633,0.4685845180224681,0.25380709544887153,54.11,0.8674999999999999
mp-26869,Li3Cr2(PO4)3,Cr,Li3 Cr2 P3 O12,40,418.122849227466,3.2544094989795243,10.45307123068665,C2/c,15,Monoclinic,-2.629845771446428,0.037706821249999,2.6377,3,8.497467245405128,8.497467245405128,6.348938365267457,73.51538642820363,73.51538642820363,92.06671545609906,0.05082136110719701,0.2267870254214633,0.4685845180224681,0.25380709544887153,54.11,0.8674999999999999
mp-26971,Li3Cr2(PO4)3,Cr,Li3 Cr2 P3 O12,40,454.9079355711349,2.991249142659694,11.372698389278373,R-3,148,Trigonal,-2.667456581446428,9.60112500001387e-05,3.0572,3,8.906437602306434,8.906437602306434,8.906436859708265,56.13853591321815,56.13853591321815,56.13853247172264,0.05082136110719701,0.2267870254214633,0.4685845180224681,0.25380709544887153,54.11,0.8674999999999999
mp-31729,Li3Cr2(PO4)3,Cr,Li3 Cr2 P3 O12,40,461.1414787522723,2.950814522146352,11.528536968806808,Cc,9,Monoclinic,-2.6533882671964277,0.014164325500001,3.0089,3,8.626983926969203,8.626983926969203,8.571968424722819,61.271966474550794,61.271966474550794,60.435951141617586,0.05082136110719701,0.2267870254214633,0.4685845180224681,0.25380709544887153,54.11,0.8674999999999999
mp-697753,Li3Cr2(PO4)3,Cr,Li3 Cr2 P3 O12,40,464.6889391464685,2.92828784512417,11.617223478661712,Cc,9,Monoclinic,-2.643359378946427,0.024193213749999,2.887399999999999,3,8.705586894937985,8.705586894937985,8.684913375806808,60.11978975890841,60.11978975890841,59.56056488119564,0.05082136110719701,0.2267870254214633,0.4685845180224681,0.25380709544887153,54.11,0.8674999999999999
mp-757298,Li3Cr2(PO4)3,Cr,Li3 Cr2 P3 O12,80,1005.33683126251,2.7070389345179318,12.566710390781374,C2,5,Monoclinic,-2.574506519071428,0.093046073625,2.096,3,8.823757,9.077394588923905,15.014818220036965,81.58538423779298,72.97519860060186,60.9581936907357,0.05082136110719701,0.2267870254214633,0.4685845180224681,0.25380709544887153,54.11,0.8674999999999999
mp-774463,Li3Cr2(PO4)3,Cr,Li3 Cr2 P3 O12,40,459.0780754649106,2.964077452159347,11.476951886622766,C2,5,Monoclinic,-2.625162658446428,0.04238993425,2.8417,3,8.588497599939235,8.588497599939235,8.552857248849708,61.2803539335784,61.2803539335784,61.32234264822028,0.05082136110719701,0.2267870254214633,0.4685845180224681,0.25380709544887153,54.11,0.8674999999999999
mp-775597,Li3Cr2(PO4)3,Cr,Li3 Cr2 P3 O12,80,918.7640339822556,2.962116325708347,11.484550424778195,P2_1/c,14,Monoclinic,-2.662873083821427,0.004679508875,2.7254,3,8.726337000000001,8.684401,14.918304231068422,54.357338608857894,90.0,90.0,0.05082136110719701,0.2267870254214633,0.4685845180224681,0.25380709544887153,54.11,0.8674999999999999
mp-779336,Li3Cr2(PO4)3,Cr,Li3 Cr2 P3 O12,80,902.7028484997818,3.014819271984556,11.283785606247273,C2,5,Monoclinic,-2.614957291071428,0.052595301625,2.7965,3,9.680651886771727,9.680651886771727,9.687509167979403,86.46552405088693,86.46552405088693,86.26946178232461,0.05082136110719701,0.2267870254214633,0.4685845180224681,0.25380709544887153,54.11,0.8674999999999999
mp-780606,Li3Cr2(PO4)3,Cr,Li3 Cr2 P3 O12,40,460.930981851618,2.952162093335476,11.523274546290448,P1,1,Triclinic,-2.667552592696427,0.0,2.9720999999999997,3,8.997865950320666,8.378316587014064,8.386182291466719,59.88374192312227,89.75074642227419,62.11752336398823,0.05082136110719701,0.2267870254214633,0.4685845180224681,0.25380709544887153,54.11,0.8674999999999999
mp-831192,Li3Cr2(PO4)3,Cr,Li3 Cr2 P3 O12,40,460.9309818174778,2.952162093554136,11.523274545436944,P1,1,Triclinic,2.8403471230535717,5.50789971575,0.0,3,8.367518,8.378316046071907,8.980363586676432,117.67066876226772,89.98888583434575,119.89519732492221,0.05082136110719701,0.2267870254214633,0.4685845180224681,0.25380709544887153,54.11,0.8674999999999999
mp-760100,Li4Cr2(PO4)3,Cr,Li4 Cr2 P3 O12,84,970.172819392294,2.85267644677076,11.549676421336832,P2_1/c,14,Monoclinic,-2.61336045010771,0.042042688690488,0.8370000000000001,4,8.832591,9.03827,15.048982760103154,53.85708426400829,90.0,90.0,0.06663302119892466,0.22300914925332593,0.4607787174917483,0.24957911205600108,55.09,0.895238095238095
mp-772960,Li4Cr2(PO4)3,Cr,Li4 Cr2 P3 O12,42,482.2892070786562,2.8692215278271997,11.483076359015625,P-1,2,Triclinic,-2.6245689210600918,0.030834217738108,1.3157,4,9.183431563110709,8.511840520853584,8.31361830807898,61.20454692763923,63.79114417783178,61.81239623318071,0.06663302119892466,0.22300914925332593,0.4607787174917483,0.24957911205600108,55.09,0.895238095238095
mp-1101532,LiCr2(PO4)3,Cr,Li1 Cr2 P3 O12,36,440.2535588794216,2.986096850567936,12.229265524428378,Cc,9,Monoclinic,-2.466843056236772,0.032869214444451,0.100599999999999,1,8.534517144283443,8.534517144283443,8.51599846276131,60.23729563869106,60.23729563869106,60.023000360300884,0.01753453982251125,0.23474023767842633,0.48501734580542255,0.2627078766936398,52.150000000000006,0.8027777777777777
mp-1101602,LiCr2(PO4)3,Cr,Li1 Cr2 P3 O12,72,882.650294800564,2.978846261912167,12.259031872230056,P2/c,13,Monoclinic,-2.465454747903438,0.034257522777784,0.0024,1,8.545674,8.523955,12.117199601869897,89.87335263439022,90.0,90.0,0.01753453982251125,0.23474023767842633,0.48501734580542255,0.2627078766936398,52.150000000000006,0.8027777777777777
mp-1247735,LiCr2(PO4)3,Cr,Li1 Cr2 P3 O12,36,440.6314571715202,2.983535887473938,12.239762699208894,C2/c,15,Monoclinic,-2.464936310958993,0.03477595972223,0.0688,1,8.505936356380642,8.505936323249252,8.56145723956436,60.12172916245611,60.12172617338427,60.5570874628176,0.01753453982251125,0.23474023767842633,0.48501734580542255,0.2627078766936398,52.150000000000006,0.8027777777777777
mp-25838,LiCr2(PO4)3,Cr,Li1 Cr2 P3 O12,36,430.1063773328274,3.056545624302297,11.947399370356315,R-3c,167,Trigonal,-2.455492755958993,0.044219514722229,0.0,1,8.454994387356209,8.454994387356209,8.454995129543304,60.280760666655226,60.280760666655226,60.28076537110946,0.01753453982251125,0.23474023767842633,0.48501734580542255,0.2627078766936398,52.150000000000006,0.8027777777777777
mp-26046,LiCr2(PO4)3,Cr,Li1 Cr2 P3 O12,72,849.2492435149062,3.096004560875636,11.795128382151477,P2_1/c,14,Monoclinic,-2.456908504986771,0.042803765694451,0.3263,1,8.652625,8.314306,14.445687190635134,54.804489317495424,90.0,90.0,0.01753453982251125,0.23474023767842633,0.48501734580542255,0.2627078766936398,52.150000000000006,0.8027777777777777
mp-26080,LiCr2(PO4)3,Cr,Li1 Cr2 P3 O12,72,889.488568590106,2.955945274721071,12.354007897084806,Pna2_1,33,Orthorhombic,-2.448030263320104,0.051682007361118,0.0,1,8.54451,8.642565,12.045104,90.0,90.0,90.0,0.01753453982251125,0.23474023767842633,0.48501734580542255,0.2627078766936398,52.150000000000006,0.8027777777777777
mp-26609,LiCr2(PO4)3,Cr,Li1 Cr2 P3 O12,36,443.3355127226824,2.965338277431221,12.314875353407846,P-1,2,Triclinic,-2.455479578736771,0.044232691944452,0.0,1,8.238379,8.316665749710818,8.815404339745399,62.12696626954411,62.44946379990652,60.59386689443171,0.01753453982251125,0.23474023767842633,0.48501734580542255,0.2627078766936398,52.150000000000006,0.8027777777777777
mp-26740,LiCr2(PO4)3,Cr,Li1 Cr2 P3 O12,72,778.5561852151977,3.377122398065059,10.81328035021108,I4_1/acd,142,Tetragonal,-2.3979381516534373,0.101774119027785,0.0,1,10.037783279436551,10.037783279436551,10.037783279436551,109.40788336776204,109.40788336776205,109.59796956663928,0.01753453982251125,0.23474023767842633,0.48501734580542255,0.2627078766936398,52.150000000000006,0.8027777777777777
mp-26870,LiCr2(PO4)3,Cr,Li1 Cr2 P3 O12,36,422.397108300821,3.112331357829542,11.733253008356138,C2/c,15,Monoclinic,-2.391041450403438,0.108670820277785,0.0,1,8.568089946513458,8.568089946513458,6.259046989004317,74.1763106164622,74.1763106164622,91.95312684181634,0.01753453982251125,0.23474023767842633,0.48501734580542255,0.2627078766936398,52.150000000000006,0.8027777777777777
mp-31665,LiCr2(PO4)3,Cr,Li1 Cr2 P3 O12,36,443.3111966477221,2.965500929284776,12.31419990688117,P-1,2,Triclinic,-2.458351434292327,0.041360836388895,0.3525,1,8.353719335964609,8.39684338109685,8.757158367283647,118.33982268411714,90.37468606870605,120.04462833164834,0.01753453982251125,0.23474023767842633,0.48501734580542255,0.2627078766936398,52.150000000000006,0.8027777777777777
mp-31677,LiCr2(PO4)3,Cr,Li1 Cr2 P3 O12,36,399.7886029521397,3.288337276034223,11.105238970892769,C2/m,12,Monoclinic,-2.4244326476256592,0.075279623055562,0.0,1,4.7725634813635525,4.7725634813635525,19.132645761869867,89.2917150798167,89.2917150798167,66.56127267717947,0.01753453982251125,0.23474023767842633,0.48501734580542255,0.2627078766936398,52.150000000000006,0.8027777777777777
mp-697757,LiCr2(PO4)3,Cr,Li1 Cr2 P3 O12,36,447.24991023738943,2.939385197245511,12.423608617705264,Cc,9,Monoclinic,-2.451948650125659,0.047763620555563,0.175,1,8.509316496955206,8.509316496955206,8.609799072460692,60.99222323922818,60.99222323922818,59.97923811893223,0.01753453982251125,0.23474023767842633,0.48501734580542255,0.2627078766936398,52.150000000000006,0.8027777777777777
mp-697813,LiCr2(PO4)3,Cr,Li1 Cr2 P3 O12,72,919.6702064621188,2.858937380777957,12.773197311973872,P1,1,Triclinic,-2.386017544708994,0.113694725972228,0.0,1,9.733732,9.742222326781553,9.79997167738096,85.07970304370427,84.89403389566398,85.33660408900509,0.01753453982251125,0.23474023767842633,0.48501734580542255,0.2627078766936398,52.150000000000006,0.8027777777777777
mp-777371,LiCr2(PO4)3,Cr,Li1 Cr2 P3 O12,72,924.2667480452482,2.844719380853041,12.837038167295113,Pbcm,57,Orthorhombic,-2.419090779153437,0.080621491527785,0.2913,1,8.696226,8.884297,11.963092,90.0,90.0,90.0,0.01753453982251125,0.23474023767842633,0.48501734580542255,0.2627078766936398,52.150000000000006,0.8027777777777777
mp-777539,LiCr2(PO4)3,Cr,Li1 Cr2 P3 O12,36,426.6995257006717,3.080949676385114,11.852764602796436,C2/c,15,Monoclinic,-2.400987187347883,0.09872508333334,0.0,1,9.567406716341528,9.567406716341528,8.102374321809934,73.79548054298503,73.79548054298503,37.012798162379305,0.01753453982251125,0.23474023767842633,0.48501734580542255,0.2627078766936398,52.150000000000006,0.8027777777777777
mp-939764,LiCr2(PO4)3,Cr,Li1 Cr2 P3 O12,36,436.3387657545188,3.012887849531054,12.120521270958854,P-1,2,Triclinic,1.326800908207673,3.826513178888896,0.0,1,8.324629,8.344246877392111,8.683029371258455,118.44634003758921,90.24742162370487,119.84613132168913,0.01753453982251125,0.23474023767842633,0.48501734580542255,0.2627078766936398,52.150000000000006,0.8027777777777777
mp-759437,Li2Fe2(PO4)3,Fe,Li2 Fe2 P3 O12,76,937.8001984358352,2.907349276468998,12.33947629520836,P1,1,Triclinic,-2.390384560557644,0.034292016249998,0.0,2,8.719053,8.80585565313627,12.214496471062612,90.03089116564723,90.09169582869708,90.28852787113078,0.03381844226505646,0.22636890547369248,0.4677206038111606,0.27209204845009044,53.47,0.8368421052631578
mp-771817,Li2Fe2(PO4)3,Fe,Li2 Fe2 P3 O12,38,466.932923675834,2.919597858864818,12.287708517785106,P-1,2,Triclinic,-2.367340189505012,0.057336387302629,0.0,2,8.536044,8.546279735830614,8.78625957299453,62.240031255634534,61.36177142326261,60.495027666321704,0.03381844226505646,0.22636890547369248,0.4677206038111606,0.27209204845009044,53.47,0.8368421052631578
mp-776769,Li2Fe2(PO4)3,Fe,Li2 Fe2 P3 O12,38,473.4079159509488,2.879665333561312,12.458103051340755,C2/c,15,Monoclinic,-2.382787737662907,0.041888839144735,0.0,2,8.714955313674363,8.714955313674363,8.771003497787982,59.84427936188326,59.84427936188326,61.012450580477044,0.03381844226505646,0.22636890547369248,0.4677206038111606,0.27209204845009044,53.47,0.8368421052631578
mp-849334,Li2Fe2(PO4)3,Fe,Li2 Fe2 P3 O12,76,931.6186072310958,2.926640480591619,12.258139568830208,Pbcn,60,Orthorhombic,-2.402089132794486,0.022587444013155,0.001899999999999,2,8.664449,8.796808,12.222839,90.0,90.0,90.0,0.03381844226505646,0.22636890547369248,0.4677206038111606,0.27209204845009044,53.47,0.8368421052631578
mp-19430,Li3Fe2(PO4)3,Fe,Li3 Fe2 P3 O12,40,468.015053438089,2.962101234428311,11.700376335952226,R-3,148,Trigonal,-2.501981877446428,0.010260171749998,2.477299999999999,3,9.036074714557035,9.036074714557035,9.036074404946099,55.56637602843482,55.56637602843482,55.566376551557916,0.049884161086758035,0.22260483115846488,0.45994332049645664,0.2675676872583204,54.45,0.8674999999999999
mp-25993,Li3Fe2(PO4)3,Fe,Li3 Fe2 P3 O12,80,924.214427200088,2.999970411022088,11.5526803400011,P2_1/c,14,Monoclinic,-2.506846264196427,0.005395784999999,2.6074,3,8.736508,8.677536,14.916715641285148,54.81237540278971,90.0,90.0,0.049884161086758035,0.22260483115846488,0.45994332049645664,0.2675676872583204,54.45,0.8674999999999999
mp-26069,Li3Fe2(PO4)3,Fe,Li3 Fe2 P3 O12,80,900.3438470407593,3.079507839313831,11.254298088009492,P2_1/c,14,Monoclinic,-2.500679353571428,0.011562695624999,2.4969,3,8.756093,8.50317,14.720016936309177,55.235478954759834,90.0,90.0,0.049884161086758035,0.22260483115846488,0.45994332049645664,0.2675676872583204,54.45,0.8674999999999999
mp-26677,Li3Fe2(PO4)3,Fe,Li3 Fe2 P3 O12,40,416.08320038098935,3.331804711775466,10.402080009524736,C2/m,12,Monoclinic,-2.471529128446428,0.040712920749998,1.3953,3,4.890050559950991,4.890050559950991,18.888898302441703,89.75417961763536,89.75417961763536,67.10173660969595,0.049884161086758035,0.22260483115846488,0.45994332049645664,0.2675676872583204,54.45,0.8674999999999999
mp-26825,Li3Fe2(PO4)3,Fe,Li3 Fe2 P3 O12,40,430.91667262004097,3.217113784646637,10.772916815501024,C2/c,15,Monoclinic,-2.469539166946428,0.042702882249998,2.2355,3,8.62262059872989,8.62262059872989,6.4174742393133135,73.56092068420276,73.56092068420276,95.44150919337036,0.049884161086758035,0.22260483115846488,0.45994332049645664,0.2675676872583204,54.45,0.8674999999999999
mp-504385,Li3Fe2(PO4)3,Fe,Li3 Fe2 P3 O12,80,916.5100508516248,3.025188793580241,11.456375635645308,P2/c,13,Monoclinic,-2.469461976821428,0.042780072374998,2.5408,3,8.799042,8.471914,12.306173890124624,87.53286287887792,90.0,90.0,0.049884161086758035,0.22260483115846488,0.45994332049645664,0.2675676872583204,54.45,0.8674999999999999
mp-585226,Li3Fe2(PO4)3,Fe,Li3 Fe2 P3 O12,40,456.9174589049714,3.034044640890636,11.422936472624285,C2/c,15,Monoclinic,-2.477361703696428,0.034880345499998,1.482899999999999,3,8.444485376987338,8.444485376987338,8.673840655310023,61.482126631511,61.482126631511,63.104441394980284,0.049884161086758035,0.22260483115846488,0.45994332049645664,0.2675676872583204,54.45,0.8674999999999999
mp-6373,Li3Fe2(PO4)3,Fe,Li3 Fe2 P3 O12,80,935.9713934415746,2.96228704687764,11.699642418019682,P2_1/c,14,Monoclinic,-2.505809572571428,0.006432476624999,2.4096,3,8.748623,8.715432,15.031122782916384,54.75206408555677,90.0,90.0,0.049884161086758035,0.22260483115846488,0.45994332049645664,0.2675676872583204,54.45,0.8674999999999999
mp-705329,Li3Fe2(PO4)3,Fe,Li3 Fe2 P3 O12,40,473.4271120983992,2.9282394947247123,11.83567780245998,Cc,9,Monoclinic,-2.479199616196427,0.033042432999999,2.5251,3,8.758371203364298,8.758371203364298,8.71305199756578,60.25531281824797,60.25531281824797,59.7260352179231,0.049884161086758035,0.22260483115846488,0.45994332049645664,0.2675676872583204,54.45,0.8674999999999999
mp-758654,Li3Fe2(PO4)3,Fe,Li3 Fe2 P3 O12,40,467.63481139983634,2.964509770712252,11.690870284995908,P1,1,Triclinic,-2.501089928196428,0.011152120999998,2.45,3,9.050103917143327,8.4131741296352,8.417284510307702,59.8076126853336,117.69662899790586,117.683480925347,0.049884161086758035,0.22260483115846488,0.45994332049645664,0.2675676872583204,54.45,0.8674999999999999
mp-758962,Li3Fe2(PO4)3,Fe,Li3 Fe2 P3 O12,80,930.9259650573856,2.978342036972916,11.63657456321732,C2,5,Monoclinic,-2.451711571446428,0.060530477749998,2.2006,3,9.782028716280177,9.782028716280177,9.780827048065005,86.55111142423914,86.55111142423914,86.45219920692735,0.049884161086758035,0.22260483115846488,0.45994332049645664,0.2675676872583204,54.45,0.8674999999999999
mp-759282,Li3Fe2(PO4)3,Fe,Li3 Fe2 P3 O12,80,932.7623291747642,2.972478463504189,11.659529114684553,P2_12_12,18,Orthorhombic,-2.502820747946428,0.009421301249998,2.380099999999999,3,8.75202,8.762832,12.16237,90.0,90.0,90.0,0.049884161086758035,0.22260483115846488,0.45994332049645664,0.2675676872583204,54.45,0.8674999999999999
mp-765598,Li3Fe2(PO4)3,Fe,Li3 Fe2 P3 O12,80,815.8784466241459,3.398319868005122,10.198480582801825,Ia-3d,230,Cubic,-2.458414962571427,0.053827086624999,2.4593,3,10.195670313382392,10.195670313382392,10.195670313382392,109.47122063449069,109.47122063449069,109.47122063449069,0.049884161086758035,0.22260483115846488,0.45994332049645664,0.2675676872583204,54.45,0.8674999999999999
mp-772738,Li3Fe2(PO4)3,Fe,Li3 Fe2 P3 O12,80,929.5433498751712,2.982772062661012,11.61929187343964,C2,5,Monoclinic,-2.464682442821428,0.047559606374997,2.2367,3,9.795862868698448,9.795862868698448,9.751045189897747,86.42361484553096,86.42361484553096,85.58237063702961,0.049884161086758035,0.22260483115846488,0.45994332049645664,0.2675676872583204,54.45,0.8674999999999999
mp-773158,Li3Fe2(PO4)3,Fe,Li3 Fe2 P3 O12,80,1017.6060574051622,2.72464566701775,12.720075717564528,C2,5,Monoclinic,-2.423845695696428,0.088396353499998,2.4012,3,9.164171367813294,9.164171367813294,16.303044884088525,65.25844216148145,65.25844216148145,57.799791764786846,0.049884161086758035,0.22260483115846488,0.45994332049645664,0.2675676872583204,54.45,0.8674999999999999
mp-775523,Li3Fe2(PO4)3,Fe,Li3 Fe2 P3 O12,40,464.3827511689341,2.9852701549108183,11.609568779223354,C2,5,Monoclinic,-2.4626752199464272,0.049566829249998,2.269,3,8.603100412913069,8.603100412913069,8.544419718939432,61.7149647183591,61.7149647183591,61.72075627626165,0.049884161086758035,0.22260483115846488,0.45994332049645664,0.2675676872583204,54.45,0.8674999999999999
mp-849164,Li3Fe2(PO4)3,Fe,Li3 Fe2 P3 O12,40,467.634818857132,2.964509723437701,11.6908704714283,P1,1,Triclinic,2.596727636553571,5.108969685749999,0.001599999999999,3,8.390747,8.41317435921359,9.050103996905118,117.6834799010314,90.02470970879982,119.8794804040803,0.049884161086758035,0.22260483115846488,0.45994332049645664,0.2675676872583204,54.45,0.8674999999999999
mp-849395,Li3Fe2(PO4)3,Fe,Li3 Fe2 P3 O12,40,470.1658220908261,2.948551133204639,11.754145552270652,P-1,2,Triclinic,-2.4920816104464283,0.020160438749998,2.5377,3,8.489202072336479,8.99193021000775,8.51172065883914,89.64086677367054,60.03624787041929,118.24176910295175,0.049884161086758035,0.22260483115846488,0.45994332049645664,0.2675676872583204,54.45,0.8674999999999999
mp-1177430,Li4Fe2(PO4)3,Fe,Li4 Fe2 P3 O12,42,469.0319613196583,3.004826295583766,11.167427650468056,P-1,2,Triclinic,-2.508488604393424,0.038873172976181,2.151399999999999,4,8.443702,8.459477925630221,8.965428605085258,62.074009071594,61.94724240113988,60.804081266631634,0.06542433541998255,0.2189638878735099,0.4524204489778715,0.26319132772863607,55.43,0.895238095238095
mp-772975,Li4Fe2(PO4)3,Fe,Li4 Fe2 P3 O12,42,482.1302104325478,2.923192822905903,11.479290724584471,P-1,2,Triclinic,-2.516925804155328,0.030435973214276,1.5499,4,8.393271,8.409302672016508,9.212585760708988,62.89713382651135,63.05698776224393,60.71010280918114,0.06542433541998255,0.2189638878735099,0.4524204489778715,0.26319132772863607,55.43,0.895238095238095
mp-780568,Li4Fe2(PO4)3,Fe,Li4 Fe2 P3 O12,84,964.2854733584552,2.923116877274855,11.479588968553038,Pbcn,60,Orthorhombic,-2.498021832607709,0.049339944761896,0.0,4,8.797801,8.963662,12.227735,90.0,90.0,90.0,0.06542433541998255,0.2189638878735099,0.4524204489778715,0.26319132772863607,55.43,0.895238095238095
mp-1177302,Li5Fe2(PO4)3,Fe,Li5 Fe2 P3 O12,88,966.7583119544876,2.963328386117899,10.98588990857372,P2_1,4,Monoclinic,-2.5278763624134197,0.051412440568176,3.9183,5,8.820147,8.717884,12.574963547980447,88.93004595174104,90.0,90.0,0.0804643378182856,0.21544013102473805,0.44513970660938035,0.25895582454759597,56.410000000000004,0.9204545454545454
mp-1101524,LiFe2(PO4)3,Fe,Li1 Fe2 P3 O12,72,923.2074162765996,2.903366539840226,12.822325226063883,P2/c,13,Monoclinic,-2.248140174570105,0.079241432916664,0.0,1,8.681988,8.645064,12.300229002994415,89.85946012088603,90.0,90.0,0.01720006076347068,0.23026246440280038,0.47576542661703974,0.27677204821668916,52.49,0.8027777777777777
mp-1101593,LiFe2(PO4)3,Fe,Li1 Fe2 P3 O12,36,459.6913861634427,2.915444581331365,12.769205171206742,C2/c,15,Monoclinic,-2.249609763181217,0.077771844305553,0.0,1,8.618145976398694,8.618145976398694,8.723834015085398,59.96477969586846,59.96477969586846,60.5205704179835,0.01720006076347068,0.23026246440280038,0.47576542661703974,0.27677204821668916,52.49,0.8027777777777777
mp-26054,LiFe2(PO4)3,Fe,Li1 Fe2 P3 O12,36,444.11034579091023,3.017729205313063,12.33639849419195,P-1,2,Triclinic,-2.219857162070107,0.107524445416664,0.137499999999999,1,8.254951,8.267165912095875,8.85897084715516,90.27412932085367,117.62484482173134,119.54726847112107,0.01720006076347068,0.23026246440280038,0.47576542661703974,0.27677204821668916,52.49,0.8027777777777777
mp-26070,LiFe2(PO4)3,Fe,Li1 Fe2 P3 O12,72,857.4282570938075,3.126103553940343,11.908725792969548,P2_1/c,14,Monoclinic,-2.217951650820105,0.109429956666665,0.019699999999999,1,8.63003,8.365578,11.876539154981218,89.92507404778198,90.0,90.0,0.01720006076347068,0.23026246440280038,0.47576542661703974,0.27677204821668916,52.49,0.8027777777777777
mp-26581,LiFe2(PO4)3,Fe,Li1 Fe2 P3 O12,36,462.9090807398785,2.895179240668237,12.858585576107735,R-3c,167,Trigonal,-2.248456408181217,0.078925199305553,0.0,1,8.697105543820657,8.697105543820657,8.69710530469558,59.78616225202404,59.78616225202404,59.78616216325173,0.01720006076347068,0.23026246440280038,0.47576542661703974,0.27677204821668916,52.49,0.8027777777777777
mp-26703,LiFe2(PO4)3,Fe,Li1 Fe2 P3 O12,36,433.94424796100486,3.088426144999499,12.054006887805691,P-1,2,Triclinic,-2.216398104847885,0.110983502638886,0.258399999999999,1,8.265867161320038,8.26128599707267,8.736645938070343,118.16805238918248,90.2997351410973,119.70958312656498,0.01720006076347068,0.23026246440280038,0.47576542661703974,0.27677204821668916,52.49,0.8027777777777777
mp-540420,LiFe2(PO4)3,Fe,Li1 Fe2 P3 O12,36,445.665723963528,3.007197297911544,12.379603443431332,C2/c,15,Monoclinic,-2.2054685473478832,0.121913060138886,0.0694,1,8.706648624034967,8.706648332674577,6.4096243401027015,74.8154519066722,105.18453924064954,84.64957619823507,0.01720006076347068,0.23026246440280038,0.47576542661703974,0.27677204821668916,52.49,0.8027777777777777
mp-543094,LiFe2(PO4)3,Fe,Li1 Fe2 P3 O12,72,932.6633963128388,2.873930222142812,12.95365828212276,Pc,7,Monoclinic,-2.248416743736772,0.078964863749998,0.0,1,8.802235,8.685732,14.975782512360748,54.54627705572091,90.0,90.0,0.01720006076347068,0.23026246440280038,0.47576542661703974,0.27677204821668916,52.49,0.8027777777777777
mp-697784,LiFe2(PO4)3,Fe,Li1 Fe2 P3 O12,36,474.5312434460981,2.824270855470335,13.18142342905828,Cc,9,Monoclinic,-2.240043390125661,0.087338217361108,0.0,1,8.689588600757231,8.689588600757231,8.800972567413217,60.737580942544355,60.737580942544355,59.85096088944822,0.01720006076347068,0.23026246440280038,0.47576542661703974,0.27677204821668916,52.49,0.8027777777777777
mp-699352,LiFe2(PO4)3,Fe,Li1 Fe2 P3 O12,36,413.706198981768,3.239508530869212,11.491838860604666,C2/m,12,Monoclinic,-2.186144102625661,0.141237504861108,0.0,1,4.799567884535024,4.799567884535024,19.527483072471423,89.26848290939247,89.26848290939247,66.89652725237653,0.01720006076347068,0.23026246440280038,0.47576542661703974,0.27677204821668916,52.49,0.8027777777777777
mp-759608,LiFe2(PO4)3,Fe,Li1 Fe2 P3 O12,72,950.4160262400916,2.820248657163014,13.20022258666794,P1,1,Triclinic,-2.247951873597882,0.079429733888887,0.0,1,8.779168,8.819964720321844,12.27433078572616,89.7828101357376,89.87829750453587,89.94737471295923,0.01720006076347068,0.23026246440280038,0.47576542661703974,0.27677204821668916,52.49,0.8027777777777777
mp-1021510,LiGe2(PO4)3,Ge,Li1 Ge2 P3 O12,36,419.88662181104087,3.45750424032902,11.663517272528914,R-3,148,Trigonal,-2.477893766514548,0.010175076620362,3.6307,1,8.458557434537996,8.458557434537996,8.458557267521986,59.17502624786284,59.17502624786284,59.17503103757338,0.015878386847218207,0.2125688121955052,0.4392070235240737,0.3323457774332029,52.85,0.786111111111111
mp-541272,LiGe2(PO4)3,Ge,Li1 Ge2 P3 O12,36,421.261210211341,3.446222296709382,11.70170028364836,R-3c,167,Trigonal,-2.478640178181215,0.009428664953696,3.442199999999999,1,8.439702949523756,8.439702949523756,8.439703137183262,59.6051501606588,59.6051501606588,59.60515401970808,0.015878386847218207,0.2125688121955052,0.4392070235240737,0.3323457774332029,52.85,0.786111111111111
mp-14488,Li3In2(PO4)3,In,Li3 In2 P3 O12,80,927.5173654896528,3.833924657744293,11.59396706862066,P2_1/c,14,Monoclinic,-2.583733810488095,0.002502827374999,3.8854,3,8.546821214365051,8.8799697,12.220977815395148,90.0,89.988029863847,90.0,0.03889437206411978,0.17356361092832373,0.35861496407012133,0.4289270529374351,54.35,0.8825
mp-6425,Li3In2(PO4)3,In,Li3 In2 P3 O12,40,485.68927967845855,3.66080933512781,12.142231991961465,R-3,148,Trigonal,-2.5862366378630943,0.0,3.8434,3,9.170696038284564,9.17069719654086,9.170697336782997,55.29093677056714,55.29094945188334,55.29094913747364,0.03889437206411978,0.17356361092832373,0.35861496407012133,0.4289270529374351,54.35,0.8825
mp-1177925,Li2Mn2(PO4)3,Mn,Li2 Mn2 P3 O12,76,907.4614804137824,2.991272371675751,11.940282637023454,Pbcn,60,Orthorhombic,-2.466460257050386,0.018493405014622,0.0,2,8.533096,8.872094,11.986584,90.0,90.0,90.0,0.033968546955836794,0.22737365413396776,0.46979660293780307,0.2688611959723924,52.910000000000004,0.8368421052631578
mp-759126,Li2Mn2(PO4)3,Mn,Li2 Mn2 P3 O12,76,904.0017701612894,3.002720286971801,11.894760133701176,P1,1,Triclinic,-2.461004393892491,0.023949268172517,0.326999999999999,2,8.540052,8.594232170663357,12.319424412477437,90.09238414522986,91.09087596912072,90.37611526521803,0.033968546955836794,0.22737365413396776,0.46979660293780307,0.2688611959723924,52.910000000000004,0.8368421052631578
mp-759308,Li2Mn2(PO4)3,Mn,Li2 Mn2 P3 O12,38,453.11435994793385,2.995341457544664,11.924062103892997,P-1,2,Triclinic,-2.470617193760912,0.014336468304096,0.8459,2,9.125651747853903,8.317786912957617,8.25233199208866,60.973705635977474,61.695171415198516,91.9134405720123,0.033968546955836794,0.22737365413396776,0.46979660293780307,0.2688611959723924,52.910000000000004,0.8368421052631578
mp-774345,Li2Mn2(PO4)3,Mn,Li2 Mn2 P3 O12,38,453.19009546068366,2.994840886761189,11.926055143702202,P-1,2,Triclinic,-2.459698747708281,0.025254914356727,0.9609,2,8.366196021270001,8.395464609897477,9.030766486576319,88.11472658778645,60.02146972401454,118.19579875069425,0.033968546955836794,0.22737365413396776,0.46979660293780307,0.2688611959723924,52.910000000000004,0.8368421052631578
mp-778246,Li2Mn2(PO4)3,Mn,Li2 Mn2 P3 O12,38,458.3100149900246,2.961384615150517,12.060789868158542,C2/c,15,Monoclinic,-2.455321072181964,0.029632589883044,0.0,2,8.599176225804946,8.599176225804946,8.800412371032849,59.416103588095496,59.416103588095496,60.681973894334575,0.033968546955836794,0.22737365413396776,0.46979660293780307,0.2688611959723924,52.910000000000004,0.8368421052631578
mp-1244614,Li3Mn2(PO4)3,Mn,Li3 Mn2 P3 O12,80,922.9066907102396,2.991166592629598,11.536333633877996,Pc,7,Monoclinic,-2.501385330489533,0.066136064750033,1.0426,3,8.542873141312235,12.507635150097542,8.64288037336774,90.0265963662413,90.00638818470873,92.05654028284603,0.05010187646216491,0.2235763718905774,0.46195070581689157,0.2643710458303661,53.89,0.8674999999999999
mp-26039,Li3Mn2(PO4)3,Mn,Li3 Mn2 P3 O12,80,923.3652134141756,2.989681245581592,11.542065167677196,P2_1/c,14,Monoclinic,-2.563618484989533,0.003902910250034,1.190899999999999,3,8.681792,8.510956,12.509414090509994,87.3887641269708,90.0,90.0,0.05010187646216491,0.2235763718905774,0.46195070581689157,0.2643710458303661,53.89,0.8674999999999999
mp-26367,Li3Mn2(PO4)3,Mn,Li3 Mn2 P3 O12,40,431.7279888012597,3.197114540838348,10.793199720031492,C2/c,15,Monoclinic,-2.544119331739533,0.023402063500034,1.204,3,8.778855534479652,8.778855534479652,6.192536550159797,75.00310619935037,75.00310619935037,99.29819595896161,0.05010187646216491,0.2235763718905774,0.46195070581689157,0.2643710458303661,53.89,0.8674999999999999
mp-26453,Li3Mn2(PO4)3,Mn,Li3 Mn2 P3 O12,40,419.22207053049954,3.292488463063834,10.480551763262488,C2/m,12,Monoclinic,-2.537969623989532,0.029551771250035,0.0,3,4.852643400072274,4.852643400072274,19.12137349563833,89.71546837186874,89.71546837186874,68.60014400856166,0.05010187646216491,0.2235763718905774,0.46195070581689157,0.2643710458303661,53.89,0.8674999999999999
mp-26601,Li3Mn2(PO4)3,Mn,Li3 Mn2 P3 O12,40,476.4240593701003,2.897174908648258,11.910601484252506,R-3,148,Trigonal,-2.528964814989533,0.038556580250034,0.0,3,9.059401124556745,9.059401124556745,9.059401480156899,55.95080042041458,55.95080042041458,55.95079364870456,0.05010187646216491,0.2235763718905774,0.46195070581689157,0.2643710458303661,53.89,0.8674999999999999
mp-26845,Li3Mn2(PO4)3,Mn,Li3 Mn2 P3 O12,40,461.0415328184911,2.9938383690625363,11.526038320462275,C2/c,15,Monoclinic,-2.535231094489532,0.032290300750035,1.426,3,8.819953086934477,8.819953086934477,11.515695879673968,45.846209837731195,45.846209837731195,60.270426435606474,0.05010187646216491,0.2235763718905774,0.46195070581689157,0.2643710458303661,53.89,0.8674999999999999
mp-31969,Li3Mn2(PO4)3,Mn,Li3 Mn2 P3 O12,80,904.3957204259752,3.052389124604176,11.30494650532469,P2_1/c,14,Monoclinic,-2.556454397364533,0.011066997875034,1.084699999999999,3,8.723464,8.504265,14.494079492215468,57.255325120425134,90.0,90.0,0.05010187646216491,0.2235763718905774,0.46195070581689157,0.2643710458303661,53.89,0.8674999999999999
mp-32024,Li3Mn2(PO4)3,Mn,Li3 Mn2 P3 O12,40,477.2202041908277,2.892341561740466,11.930505104770692,Cc,9,Monoclinic,-2.533599572489533,0.033921822750034,0.9571,3,8.681415499845288,8.681415499845288,8.874121641537263,60.2965771863148,60.2965771863148,60.614662811261724,0.05010187646216491,0.2235763718905774,0.46195070581689157,0.2643710458303661,53.89,0.8674999999999999
mp-757748,Li3Mn2(PO4)3,Mn,Li3 Mn2 P3 O12,80,935.096354147388,2.952174553053268,11.688704426842351,C2,5,Monoclinic,-2.515173628239533,0.052347767000034,0.7835999999999991,3,9.827644040821177,9.827644040821177,9.754253119210151,86.5667346653356,86.5667346653356,84.78111922727577,0.05010187646216491,0.2235763718905774,0.46195070581689157,0.2643710458303661,53.89,0.8674999999999999
mp-758937,Li3Mn2(PO4)3,Mn,Li3 Mn2 P3 O12,80,937.7336994346952,2.943871658905924,11.72167124293369,P2_12_12,18,Orthorhombic,-2.548164625239532,0.019356770000035,0.7339,3,8.658279,8.935645,12.120542,90.0,90.0,90.0,0.05010187646216491,0.2235763718905774,0.46195070581689157,0.2643710458303661,53.89,0.8674999999999999
mp-758956,Li3Mn2(PO4)3,Mn,Li3 Mn2 P3 O12,80,921.2494285795856,2.996547488363867,11.51561785724482,P2/c,13,Monoclinic,-2.518021009614533,0.049500385625034,0.8166000000000001,3,8.711265,8.675011,12.220921644895446,85.96472924018414,90.0,90.0,0.05010187646216491,0.2235763718905774,0.46195070581689157,0.2643710458303661,53.89,0.8674999999999999
mp-773057,Li3Mn2(PO4)3,Mn,Li3 Mn2 P3 O12,80,936.6658884901004,2.947227709783286,11.708323606126251,P2_1/c,14,Monoclinic,-2.556238588114533,0.011282807125034,0.8770000000000001,3,8.787399,8.555903,14.880309151813782,56.84911757158115,90.0,90.0,0.05010187646216491,0.2235763718905774,0.46195070581689157,0.2643710458303661,53.89,0.8674999999999999
mp-780607,Li3Mn2(PO4)3,Mn,Li3 Mn2 P3 O12,40,468.8541642261896,2.943951309383085,11.721354105654738,C2,5,Monoclinic,-2.510068517989532,0.057452877250035,0.5819000000000001,3,8.561967428441898,8.561967428441898,8.711805524393034,61.79418417148295,61.79418417148295,61.53144895031958,0.05010187646216491,0.2235763718905774,0.46195070581689157,0.2643710458303661,53.89,0.8674999999999999
mp-850909,Li3Mn2(PO4)3,Mn,Li3 Mn2 P3 O12,80,932.2896584270776,2.961062193936943,11.65362073033847,C2,5,Monoclinic,-2.505562026489532,0.061959368750034,0.5011,3,9.741162599162998,9.741162599162998,9.895905078330632,85.16108906469196,85.16108906469196,88.98325897442717,0.05010187646216491,0.2235763718905774,0.46195070581689157,0.2643710458303661,53.89,0.8674999999999999
mp-860928,Li3Mn2(PO4)3,Mn,Li3 Mn2 P3 O12,80,1009.733957219571,2.73395545591868,12.621674465244638,C2/c,15,Monoclinic,-2.504537795614533,0.062983599625034,1.3973,3,9.156049056904676,9.156049056904676,16.562408014149664,64.61019841275649,64.61019841275649,56.335863898672514,0.05010187646216491,0.2235763718905774,0.46195070581689157,0.2643710458303661,53.89,0.8674999999999999
mp-863434,Li3Mn2(PO4)3,Mn,Li3 Mn2 P3 O12,80,829.8339879375699,3.326650512625772,10.372924849219624,Ia-3d,230,Cubic,-2.485501249739532,0.082020145500035,0.0,3,10.253474044983387,10.253474044983387,10.253474044983387,109.47122063449069,109.47122063449069,109.47122063449069,0.05010187646216491,0.2235763718905774,0.46195070581689157,0.2643710458303661,53.89,0.8674999999999999
mp-760127,Li4Mn2(PO4)3,Mn,Li4 Mn2 P3 O12,84,978.1753991310654,2.869292021149903,11.644945227750778,P2_1/c,14,Monoclinic,-2.588878247410666,0.035984600952388,0.085099999999999,4,8.755857,8.903928,15.268519835531178,55.26032043282895,90.0,90.0,0.06570518427440651,0.21990384021195902,0.45436256675404385,0.26002840875959055,54.870000000000005,0.895238095238095
mp-764125,Li4Mn2(PO4)3,Mn,Li4 Mn2 P3 O12,42,489.1150351007476,2.869131662895797,11.645596073827322,P-1,2,Triclinic,-2.583221307529714,0.04164154083334,0.8636,4,8.583165,8.703153227001406,8.87286197499685,89.69156437658495,118.31968448746045,118.85029360279027,0.06570518427440651,0.21990384021195902,0.45436256675404385,0.26002840875959055,54.870000000000005,0.895238095238095
mp-772945,Li4Mn2(PO4)3,Mn,Li4 Mn2 P3 O12,42,493.2946138724204,2.844822129699728,11.745109854105248,P-1,2,Triclinic,-2.597144554910666,0.027718293452387,0.254799999999999,4,8.376641,8.519458201765003,9.23860982209196,92.29689528358465,115.48487041221557,119.11043786242404,0.06570518427440651,0.21990384021195902,0.45436256675404385,0.26002840875959055,54.870000000000005,0.895238095238095
mp-779625,Li4Mn2(PO4)3,Mn,Li4 Mn2 P3 O12,84,957.7086954395738,2.930610196374659,11.40129399332826,P2_1/c,14,Monoclinic,-2.593958297291617,0.030904551071436,0.0,4,8.888442,8.648767,14.934862036668601,56.52907428612921,90.0,90.0,0.06570518427440651,0.21990384021195902,0.45436256675404385,0.26002840875959055,54.870000000000005,0.895238095238095
mp-1177120,Li5Mn2(PO4)3,Mn,Li5 Mn2 P3 O12,44,524.2116871181001,2.721013423356074,11.91390197995682,P-1,2,Triclinic,-2.59317070165715,0.083820740454543,3.673,5,8.785257808580804,9.100663231764704,8.620601064828659,116.239331233085,60.67160924052759,113.47262240032708,0.08080416716950506,0.21635001087881836,0.44701968899413197,0.2558261329575447,55.85,0.9204545454545454
mp-768628,Li5Mn2(PO4)3,Mn,Li5 Mn2 P3 O12,44,509.6974651129936,2.79849741260195,11.584033298022582,P-1,2,Triclinic,-2.586262528020787,0.090728914090906,3.6834,5,8.50624,8.533366378256181,9.406932489273323,63.17112291038916,63.54513924812424,60.936378585279606,0.08080416716950506,0.21635001087881836,0.44701968899413197,0.2558261329575447,55.85,0.9204545454545454
mp-768651,Li5Mn2(PO4)3,Mn,Li5 Mn2 P3 O12,44,485.9005911188463,2.935553204502288,11.043195252701052,P1,1,Triclinic,-2.6266615598389693,0.050329882272724,3.9877,5,8.360304384488376,8.35954969280873,9.312064086703602,90.1513938479204,116.21048240316979,119.75651405695642,0.08080416716950506,0.21635001087881836,0.44701968899413197,0.2558261329575447,55.85,0.9204545454545454
mp-778881,Li5Mn2(PO4)3,Mn,Li5 Mn2 P3 O12,88,998.8391522201722,2.856089559881548,11.350444911592868,P2_1,4,Monoclinic,-2.62405257665715,0.052938865454542,4.0627,5,8.922320000000001,8.899195,12.580119083902186,89.48252315128703,90.0,90.0,0.08080416716950506,0.21635001087881836,0.44701968899413197,0.2558261329575447,55.85,0.9204545454545454
mp-780484,Li5Mn2(PO4)3,Mn,Li5 Mn2 P3 O12,88,1005.2945878982656,2.837749361230687,11.423802135207564,P1,1,Triclinic,-2.58447151540715,0.092519926704543,3.816499999999999,5,8.947753,8.998698794111569,12.507609709345987,86.64414272774226,89.35433510058348,89.80005297908168,0.08080416716950506,0.21635001087881836,0.44701968899413197,0.2558261329575447,55.85,0.9204545454545454
mp-849398,Li5Mn2(PO4)3,Mn,Li5 Mn2 P3 O12,88,977.2542459885263,2.919172862504466,11.105161886233256,P2_1/c,14,Monoclinic,-2.637814674043514,0.03917676806818,4.1097,5,8.889050000000001,8.731993,15.194232000710828,55.95815111738278,90.0,90.0,0.08080416716950506,0.21635001087881836,0.44701968899413197,0.2558261329575447,55.85,0.9204545454545454
mp-26040,LiMn2(PO4)3,Mn,Li1 Mn2 P3 O12,72,821.6054834960819,3.247740310498263,11.411187270778916,P2_1/c,14,Monoclinic,-2.36464777684022,0.01762348930557,1.1008,1,8.473785,8.250027,11.752653388206852,89.71402823058322,90.0,90.0,0.017277723051297367,0.23130215315925595,0.47791361853380276,0.2735065052556439,51.93,0.8027777777777777
mp-26061,LiMn2(PO4)3,Mn,Li1 Mn2 P3 O12,36,432.83533626410696,3.082420755093414,12.023203785114084,P-1,2,Triclinic,-2.372617994617999,0.009653271527792,1.221,1,8.183685,8.258929392475153,8.762220544021647,62.01695817005372,62.251345599088815,60.31171696935916,0.017277723051297367,0.23130215315925595,0.47791361853380276,0.2735065052556439,51.93,0.8027777777777777
mp-26118,LiMn2(PO4)3,Mn,Li1 Mn2 P3 O12,72,817.8151717198775,3.262792548180583,11.358544051664966,Pc,7,Monoclinic,-2.365856824340222,0.01641444180557,1.074399999999999,1,8.492028,8.225922,11.707367459687338,89.96285948120503,90.0,90.0,0.017277723051297367,0.23130215315925595,0.47791361853380276,0.2735065052556439,51.93,0.8027777777777777
mp-26368,LiMn2(PO4)3,Mn,Li1 Mn2 P3 O12,36,411.3066441492399,3.243761419896299,11.425184559701108,C2/c,15,Monoclinic,-2.2988950104513317,0.08337625569446,0.415699999999999,1,8.497614141048533,8.497614141048533,6.188234700249983,74.24647590321189,74.24647590321189,91.72092509189356,0.017277723051297367,0.23130215315925595,0.47791361853380276,0.2735065052556439,51.93,0.8027777777777777
mp-26846,LiMn2(PO4)3,Mn,Li1 Mn2 P3 O12,36,422.4231405315856,3.158398525136102,11.733976125877376,C2/c,15,Monoclinic,-2.370705162951331,0.01156610319446,0.5995,1,8.423282651421179,8.423282651421179,11.891339674084035,45.03856065910734,45.03856065910734,60.05248463692845,0.017277723051297367,0.23130215315925595,0.47791361853380276,0.2735065052556439,51.93,0.8027777777777777
mp-32023,LiMn2(PO4)3,Mn,Li1 Mn2 P3 O12,36,396.62820205022416,3.363806751869288,11.017450056950672,C2/m,12,Monoclinic,-2.320276156562443,0.061995109583348,0.0,1,4.729297073176096,4.729297073176096,19.301706764821656,88.31246782962421,88.31246782962421,66.8263856648133,0.017277723051297367,0.23130215315925595,0.47791361853380276,0.2735065052556439,51.93,0.8027777777777777
mp-697792,LiMn2(PO4)3,Mn,Li1 Mn2 P3 O12,36,435.83626467966457,3.061196903885293,12.10656290776846,Cc,9,Monoclinic,-2.359423404062444,0.022847862083347,0.5692,1,8.43001970268682,8.43001970268682,8.583255552289527,60.76732856027443,60.76732856027443,59.87779823839117,0.017277723051297367,0.23130215315925595,0.47791361853380276,0.2735065052556439,51.93,0.8027777777777777
mp-759018,LiMn2(PO4)3,Mn,Li1 Mn2 P3 O12,72,853.6207255685948,3.125933061547037,11.855843410674929,P1,1,Triclinic,-2.343077541562444,0.039193724583348,0.415999999999999,1,8.489626,8.50129185101888,11.827477239309363,89.9090345018628,89.98634393449181,89.96219052915369,0.017277723051297367,0.23130215315925595,0.47791361853380276,0.2735065052556439,51.93,0.8027777777777777
mp-776243,LiMn2(PO4)3,Mn,Li1 Mn2 P3 O12,72,847.0343915279852,3.150239559061021,11.764366548999796,P2_1/c,14,Monoclinic,-2.356748383506888,0.025522882638902,0.7625000000000001,1,8.53562,8.449199,14.41524229367304,54.563413214319034,90.0,90.0,0.017277723051297367,0.23130215315925595,0.47791361853380276,0.2735065052556439,51.93,0.8027777777777777
mp-776371,Li2Nb2(PO4)3,Nb,Li2 Nb2 P3 O12,38,508.9979493460101,3.161945629984888,13.39468287752658,C2/c,15,Monoclinic,-2.692719612399749,0.112015783065794,0.0,2,8.901140520570214,8.901140520570214,8.897331652682674,60.38625803493918,60.38625803493918,62.12256032928993,0.02864578332521813,0.19174492328602688,0.3961809644721178,0.38342832891663714,53.010000000000005,0.8421052631578947
mp-26389,LiNb2(PO4)3,Nb,Li1 Nb2 P3 O12,72,986.4735605978954,3.216248872036377,13.701021674970768,P2_1/c,14,Monoclinic,-2.777763071236772,0.047891897623998,0.0,1,8.979657,8.866143,15.12686256466773,54.99577790643655,90.0,90.0,0.01453101785712409,0.19453117219030902,0.40193787714151474,0.38899993281105216,52.03,0.8083333333333332
mp-26533,LiNb2(PO4)3,Nb,Li1 Nb2 P3 O12,36,503.8292738741565,3.148630539240122,13.99525760761546,Cc,9,Monoclinic,-2.76981404901455,0.05584091984622,0.0,1,8.930576260040613,8.930576260040613,8.945661113663988,60.06571375427577,60.06571375427577,59.69779556166221,0.01453101785712409,0.19453117219030902,0.40193787714151474,0.38899993281105216,52.03,0.8083333333333332
mp-26591,LiNb2(PO4)3,Nb,Li1 Nb2 P3 O12,36,502.3861441444725,3.157675140473515,13.95517067067979,P-1,2,Triclinic,-2.767537044847882,0.058117924012886,0.0,1,8.672073,8.678063063657984,9.129141961184358,90.82209519393525,118.0708594656159,119.1371142672679,0.01453101785712409,0.19453117219030902,0.40193787714151474,0.38899993281105216,52.03,0.8083333333333332
mp-1177557,Li3Ni2(PO4)3,Ni,Li3 Ni2 P3 O12,80,949.3318263612848,2.960455862551954,11.866647829516058,P2_1/c,14,Monoclinic,-2.260486795571428,0.074473662333329,0.0321,3,8.806846,8.765871,15.028646693725154,54.90936935242343,90.0,90.0,0.04921253724730634,0.21960775336611466,0.4537507958130258,0.27742891357355326,54.61,0.8625
mp-25847,Li3Ni2(PO4)3,Ni,Li3 Ni2 P3 O12,40,419.4768583068141,3.349952345646197,10.486921457670352,C2/c,15,Monoclinic,-2.258282734196427,0.07667772370833,0.0,3,8.525767560970039,8.525767560970039,6.316622975460859,74.24037973170995,74.24037973170995,94.5129101340238,0.04921253724730634,0.21960775336611466,0.4537507958130258,0.27742891357355326,54.61,0.8625
mp-26275,Li3Ni2(PO4)3,Ni,Li3 Ni2 P3 O12,40,468.535912525744,2.99918842475495,11.7133978131436,R-3,148,Trigonal,-2.273124091446428,0.061836366458329,0.1063,3,8.98881641757028,8.98881641757028,8.988816013407439,56.21194220135053,56.21194220135053,56.21194711178456,0.04921253724730634,0.21960775336611466,0.4537507958130258,0.27742891357355326,54.61,0.8625
mp-26437,Li3Ni2(PO4)3,Ni,Li3 Ni2 P3 O12,80,901.1513755324476,3.118737924799653,11.264392194155594,P2_1/c,14,Monoclinic,-2.265273041071428,0.069687416833329,0.0,3,8.754656,8.466067,14.662240424832284,56.02003868134344,90.0,90.0,0.04921253724730634,0.21960775336611466,0.4537507958130258,0.27742891357355326,54.61,0.8625
mp-26679,Li3Ni2(PO4)3,Ni,Li3 Ni2 P3 O12,40,411.6475536760464,3.413666552565205,10.29118884190116,C2/m,12,Monoclinic,-2.260262827196428,0.07469763070833,0.0,3,4.8981937397365165,4.8981937397365165,18.809111273572842,89.89801272835022,89.89801272835022,65.81006759851661,0.04921253724730634,0.21960775336611466,0.4537507958130258,0.27742891357355326,54.61,0.8625
mp-504139,Li3Ni2(PO4)3,Ni,Li3 Ni2 P3 O12,80,914.5115907814992,3.073175888844377,11.43139488476874,C2,5,Monoclinic,-2.252364088571428,0.082596369333328,0.0,3,9.752546419349256,9.752546419349256,9.696381542659095,85.86009675161554,85.86009675161554,85.14725025117838,0.04921253724730634,0.21960775336611466,0.4537507958130258,0.27742891357355326,54.61,0.8625
mp-504271,Li3Ni2(PO4)3,Ni,Li3 Ni2 P3 O12,80,950.6103954024156,2.956474055460637,11.882629942530194,P2_1/c,14,Monoclinic,-2.260034158571427,0.07492629933333,0.0,3,8.81583,8.738816,15.078800775243169,54.91636794867932,90.0,90.0,0.04921253724730634,0.21960775336611466,0.4537507958130258,0.27742891357355326,54.61,0.8625
mp-705397,Li3Ni2(PO4)3,Ni,Li3 Ni2 P3 O12,80,926.856475522266,3.032243982839718,11.585705944028325,C2,5,Monoclinic,-2.220612824196428,0.114347633708329,0.0,3,9.77668357372504,9.77668357372504,9.748950139141598,86.60846922611206,86.60846922611206,86.32193939012602,0.04921253724730634,0.21960775336611466,0.4537507958130258,0.27742891357355326,54.61,0.8625
mp-772620,Li4Ni2(PO4)3,Ni,Li4 Ni2 P3 O12,42,473.9227199839816,3.013738376586009,11.283874285332896,P-1,2,Triclinic,-2.373135896298186,0.052748436190474,0.0,4,8.311283,8.407668904932567,9.132067895630266,91.29856192603833,116.6527760100253,119.11942291250142,0.06455770025363103,0.2160634104873189,0.4464275188465398,0.2729513704125102,55.59,0.8904761904761904
mp-849437,Li4Ni2(PO4)3,Ni,Li4 Ni2 P3 O12,84,952.7712629968986,2.998157363099226,11.342515035677364,Pbcn,60,Orthorhombic,-2.365955365702948,0.059928966785712,0.005199999999999,4,8.751613,8.897708,12.235519,90.0,90.0,90.0,0.06455770025363103,0.2160634104873189,0.4464275188465398,0.2729513704125102,55.59,0.8904761904761904
mp-761038,Li5Ni2(PO4)3,Ni,Li5 Ni2 P3 O12,44,473.5688978802157,3.064666405607977,10.76292949727763,P-1,2,Triclinic,-2.450573180936147,0.055630615454541,4.0549,5,8.318733,8.35928294655977,9.174674427358227,63.41981985734046,63.34008638016059,60.193712163181715,0.07941540631789111,0.21263165778046297,0.4393368742864026,0.26861606161524326,56.57,0.9159090909090909
mp-777338,Li5Ni2(PO4)3,Ni,Li5 Ni2 P3 O12,88,926.3375354175364,3.133481342565095,10.526562902472008,P2_1,4,Monoclinic,-2.457303110027056,0.048900686363632,3.819099999999999,5,8.739815,8.626703,12.287515196511457,89.20419938688086,90.0,90.0,0.07941540631789111,0.21263165778046297,0.4393368742864026,0.26861606161524326,56.57,0.9159090909090909
mp-25848,LiNi2(PO4)3,Ni,Li1 Ni2 P3 O12,36,453.84942858816777,2.994659006208476,12.60692857189355,C2/c,15,Monoclinic,-1.95947355262566,0.158281959444453,0.0,1,8.732921195974347,8.732921195974347,6.505237077025556,73.76219726160863,73.76219726160863,92.01830947377502,0.01696062948942621,0.22705712484181056,0.46914259406965975,0.2868396515991035,52.650000000000006,0.7972222222222222
mp-25898,LiNi2(PO4)3,Ni,Li1 Ni2 P3 O12,72,964.437355962079,2.818481201256097,13.394963277251096,P1,1,Triclinic,-1.956357746236773,0.161397765833341,0.0904,1,9.885421000000001,9.896309827366663,9.935507144377231,85.64980246641676,85.42599905322577,86.3155409818621,0.01696062948942621,0.22705712484181056,0.46914259406965975,0.2868396515991035,52.650000000000006,0.7972222222222222
mp-26438,LiNi2(PO4)3,Ni,Li1 Ni2 P3 O12,72,930.3876659869594,2.921630044057735,12.922050916485547,P2_1/c,14,Monoclinic,-1.9780552441534391,0.139700267916674,0.012699999999999,1,8.858912,8.564394,14.899993685995744,55.38643360206572,90.0,90.0,0.01696062948942621,0.22705712484181056,0.46914259406965975,0.2868396515991035,52.650000000000006,0.7972222222222222
mp-26680,LiNi2(PO4)3,Ni,Li1 Ni2 P3 O12,36,412.4302885600772,3.295403651194615,11.456396904446589,C2/m,12,Monoclinic,-1.974204183458994,0.14355132861112,0.0,1,4.834601632201975,4.834601632201975,19.299128910228383,89.5357390282391,89.5357390282391,66.11337301046893,0.01696062948942621,0.22705712484181056,0.46914259406965975,0.2868396515991035,52.650000000000006,0.7972222222222222
mp-540199,LiNi2(PO4)3,Ni,Li1 Ni2 P3 O12,36,455.4065463063932,2.984419723008815,12.650181841844256,P-1,2,Triclinic,-1.953910548736772,0.163844963333342,0.0,1,8.336638,8.4089151630375,8.894878491343375,90.58711319423924,117.79116379782117,119.62661389467232,0.01696062948942621,0.22705712484181056,0.46914259406965975,0.2868396515991035,52.650000000000006,0.7972222222222222
mp-684539,Li3Sb2(PO4)3,Sb,Li3 Sb2 P3 O12,80,1114.1642678734934,3.274428646507034,13.927053348418667,P2_1/c,14,Monoclinic,-2.464137431696429,0.050181410250004,3.6037,3,9.171822,9.128596,15.939039189716048,56.60403051376826,90.0,90.0,0.037911208668503185,0.16917630808681092,0.3495499737621955,0.4433625094824904,54.89,0.8724999999999999
mp-758812,Li3Sb2(PO4)3,Sb,Li3 Sb2 P3 O12,80,1009.6162990684676,3.613502871343894,12.620203738355846,P2/c,13,Monoclinic,-2.438961536196429,0.075357305750004,3.230299999999999,3,9.379773,8.495297,12.836605004769291,80.76599411636025,90.0,90.0,0.037911208668503185,0.16917630808681092,0.3495499737621955,0.4433625094824904,54.89,0.8724999999999999
mp-759128,Li3Sb2(PO4)3,Sb,Li3 Sb2 P3 O12,40,539.5261940934491,3.380977082836134,13.488154852336228,C2/c,15,Monoclinic,-2.446805196446428,0.067513645500005,3.6068,3,8.83753259956788,8.83753259956788,9.0798795648036,63.497137612679815,63.497137612679815,63.302658721904606,0.037911208668503185,0.16917630808681092,0.3495499737621955,0.4433625094824904,54.89,0.8724999999999999
mp-759227,Li3Sb2(PO4)3,Sb,Li3 Sb2 P3 O12,40,507.551904766468,3.593968775782761,12.6887976191617,C2/c,15,Monoclinic,-2.443961647196428,0.070357194750005,3.603499999999999,3,8.57838565631005,8.57838565631005,8.54522294712578,66.27938329330317,66.27938329330317,67.18176399699882,0.037911208668503185,0.16917630808681092,0.3495499737621955,0.4433625094824904,54.89,0.8724999999999999
mp-759868,Li3Sb2(PO4)3,Sb,Li3 Sb2 P3 O12,40,489.4947285699913,3.72654819623645,12.237368214249782,C2/m,12,Monoclinic,-2.417695669446428,0.096623172500005,2.5146,3,5.142727858540153,5.142727858540153,20.09506557953382,89.89607574156466,89.89607574156466,67.07674070235433,0.037911208668503185,0.16917630808681092,0.3495499737621955,0.4433625094824904,54.89,0.8724999999999999
mp-761135,Li3Sb2(PO4)3,Sb,Li3 Sb2 P3 O12,40,559.7861479487069,3.258611711819093,13.994653698717674,R-3,148,Trigonal,-2.457609451196428,0.056709390750004,3.3515,3,9.657605261785811,9.657605261785811,9.65760501844272,54.79852238038856,54.79852238038856,54.79851834978963,0.037911208668503185,0.16917630808681092,0.3495499737621955,0.4433625094824904,54.89,0.8724999999999999
mp-762044,Li3Sb2(PO4)3,Sb,Li3 Sb2 P3 O12,80,1049.7531108202802,3.475342304809889,13.121913885253502,P2_1/c,14,Monoclinic,-2.451127379196428,0.063191462750005,3.620799999999999,3,9.324436,8.813557,15.42728067971245,55.89259985520386,90.0,90.0,0.037911208668503185,0.16917630808681092,0.3495499737621955,0.4433625094824904,54.89,0.8724999999999999
mp-774523,Li3Sb2(PO4)3,Sb,Li3 Sb2 P3 O12,40,503.82111140117047,3.620582100552909,12.595527785029262,C2,5,Monoclinic,-2.432997072946428,0.081321769000005,2.972,3,8.507298843683111,8.507298843683111,8.541762468559986,67.21017198380926,67.21017198380926,66.95996322285394,0.037911208668503185,0.16917630808681092,0.3495499737621955,0.4433625094824904,54.89,0.8724999999999999
mp-775486,Li3Sb2(PO4)3,Sb,Li3 Sb2 P3 O12,80,1099.3373108340318,3.318591445669839,13.741716385425397,P2_1/c,14,Monoclinic,-2.456122138571429,0.058196703375004,3.6925,3,9.204215,9.168161,15.919596195360766,54.91824263309756,90.0,90.0,0.037911208668503185,0.16917630808681092,0.3495499737621955,0.4433625094824904,54.89,0.8724999999999999
mp-684508,LiSb2(PO4)3,Sb,Li1 Sb2 P3 O12,72,1014.0810691048722,3.5066673569680717,14.084459293123224,P2_1/c,14,Monoclinic,-2.379534400403438,0.033993194398156,2.104899999999999,1,9.069644,8.777106999999999,15.4627696953788,55.471229490488106,90.0,90.0,0.012964742255488519,0.17356296254697218,0.35861362439267486,0.4548586708048644,52.93,0.8083333333333332
mp-6565,Li3Sc2(PO4)3,Sc,Li3 Sc2 P3 O12,80,991.4542811749336,2.650613282678586,12.39317851468667,P2_1/c,14,Monoclinic,-3.121208874571429,0.0,4.7568,3,8.912454,8.958356,15.314938934804344,54.17746885821192,90.0,90.0,0.05262999460809838,0.23485793503133878,0.4852605306052783,0.22725153975528456,53.510000000000005,0.8875
mp-774742,Li3Sc2(PO4)3,Sc,Li3 Sc2 P3 O12,80,992.0768430129164,2.64894993302108,12.400960537661454,P2_1/c,14,Monoclinic,-3.120147561821428,0.001061312750008,4.6701,3,8.919336,8.9373,15.25646322110213,54.66075107898054,90.0,90.0,0.05262999460809838,0.23485793503133878,0.4852605306052783,0.22725153975528456,53.510000000000005,0.8875
mp-1197890,Li2Ti2(PO4)3,Ti,Li2 Ti2 P3 O12,76,925.4418659005152,2.831653267013464,12.176866656585728,Pbcn,60,Orthorhombic,-2.971238104329575,0.002306927161646,0.0393,2,8.680367,8.767732,12.159726,90.0,90.0,90.0,0.03518616321696693,0.23552395443930735,0.4866366515835246,0.24265323076020112,52.89,0.8368421052631578
mp-1177523,Li3Ti2(PO4)3,Ti,Li3 Ti2 P3 O12,80,937.4130439094874,2.844673121393851,11.717663048868593,P2/c,13,Monoclinic,-2.839260613529762,0.094097728857138,0.0156,3,8.90834,8.488789,12.421248907732023,86.36044388938592,90.0,90.0,0.0518667488796441,0.23145200050595924,0.4782232312490867,0.23845801936530997,53.870000000000005,0.8674999999999999
mp-1177524,Li3Ti2(PO4)3,Ti,Li3 Ti2 P3 O12,80,951.253656943235,2.803283509282153,11.890670711790438,P2_1/c,14,Monoclinic,-2.875454595279762,0.057903747107138,0.0341,3,8.830792,8.799296,15.03786579541542,54.495657335312785,90.0,90.0,0.0518667488796441,0.23145200050595924,0.4782232312490867,0.23845801936530997,53.870000000000005,0.8674999999999999
mp-25839,Li3Ti2(PO4)3,Ti,Li3 Ti2 P3 O12,80,948.74493078223,2.81069611350092,11.859311634777876,P2_1/c,14,Monoclinic,-2.878048461779761,0.055309880607138,0.1295,3,8.791491,8.828848,14.968762314598125,54.743565140822895,90.0,90.0,0.0518667488796441,0.23145200050595924,0.4782232312490867,0.23845801936530997,53.870000000000005,0.8674999999999999
mp-25935,Li3Ti2(PO4)3,Ti,Li3 Ti2 P3 O12,80,920.2614813901632,2.897691301416907,11.50326851737704,P2_1/c,14,Monoclinic,-2.870970304654762,0.062388037732138,0.077799999999999,3,8.90584,8.52446,14.686579668523404,55.62604743017128,90.0,90.0,0.0518667488796441,0.23145200050595924,0.4782232312490867,0.23845801936530997,53.870000000000005,0.8674999999999999
mp-26883,Li3Ti2(PO4)3,Ti,Li3 Ti2 P3 O12,40,477.2585923844164,2.7936989843709563,11.93146480961041,R-3,148,Trigonal,-2.869104413529762,0.064253928857138,0.0,3,9.07267421912266,9.07267421912266,9.072674231986124,55.84949821866322,55.84949821866322,55.849500797845565,0.0518667488796441,0.23145200050595924,0.4782232312490867,0.23845801936530997,53.870000000000005,0.8674999999999999
mp-757276,Li3Ti2(PO4)3,Ti,Li3 Ti2 P3 O12,40,422.4996311322874,3.155782269568861,10.562490778307184,C2/m,12,Monoclinic,-2.858399894279762,0.074958448107137,0.0,3,4.968625463258224,4.968625463258224,18.6147344027267,89.63124619393517,89.63124619393517,66.84018245602788,0.0518667488796441,0.23145200050595924,0.4782232312490867,0.23845801936530997,53.870000000000005,0.8674999999999999
mp-757671,Li3Ti2(PO4)3,Ti,Li3 Ti2 P3 O12,40,480.70492560811954,2.773670028739426,12.01762314020299,C2/c,15,Monoclinic,-2.8624680217797622,0.070890320607138,0.1246,3,8.70490693372221,8.70490693372221,8.583028440359847,62.48561103754317,62.48561103754317,61.14860205717641,0.0518667488796441,0.23145200050595924,0.4782232312490867,0.23845801936530997,53.870000000000005,0.8674999999999999
mp-757914,Li3Ti2(PO4)3,Ti,Li3 Ti2 P3 O12,80,847.4199062608341,3.146767818353005,10.592748828260426,Ia-3d,230,Cubic,-2.833888380779762,0.099469961607138,0.0102,3,10.325399186818492,10.325399186818492,10.325399186818492,109.47122063449069,109.47122063449069,109.47122063449069,0.0518667488796441,0.23145200050595924,0.4782232312490867,0.23845801936530997,53.870000000000005,0.8674999999999999
mp-758287,Li3Ti2(PO4)3,Ti,Li3 Ti2 P3 O12,40,438.95769206478366,3.03746094197588,10.97394230161959,C2/c,15,Monoclinic,-2.845151516029762,0.088206826357138,0.368099999999999,3,8.624483483243388,8.624483483243388,6.452134880949482,73.99268507566144,73.99268507566144,93.1409535690572,0.0518667488796441,0.23145200050595924,0.4782232312490867,0.23845801936530997,53.870000000000005,0.8674999999999999
mp-758310,Li3Ti2(PO4)3,Ti,Li3 Ti2 P3 O12,80,943.5819799181038,2.826075260450351,11.794774748976298,C2,5,Monoclinic,-2.8560770785297622,0.077281263857138,0.0,3,9.842934734121119,9.842934734121119,9.82348232551217,85.73049772810806,85.73049772810806,85.23916635077842,0.0518667488796441,0.23145200050595924,0.4782232312490867,0.23845801936530997,53.870000000000005,0.8674999999999999
mp-758362,Li3Ti2(PO4)3,Ti,Li3 Ti2 P3 O12,80,949.4920579154204,2.80848446010999,11.868650723942755,C2,5,Monoclinic,-2.838569332279761,0.094789010107139,0.0021,3,9.845715073363133,9.845715073363133,9.874841404740534,85.68291970280023,85.68291970280023,85.68558365593091,0.0518667488796441,0.23145200050595924,0.4782232312490867,0.23845801936530997,53.870000000000005,0.8674999999999999
mp-758393,Li3Ti2(PO4)3,Ti,Li3 Ti2 P3 O12,40,476.6566014340283,2.797227271824943,11.916415035850708,C2,5,Monoclinic,-2.8340159595297623,0.099342382857138,0.0,3,8.618800819052497,8.618800819052497,8.594789178319733,62.50859112625011,62.50859112625011,62.49808117565464,0.0518667488796441,0.23145200050595924,0.4782232312490867,0.23845801936530997,53.870000000000005,0.8674999999999999
mp-759187,Li3Ti2(PO4)3,Ti,Li3 Ti2 P3 O12,40,469.1637356821585,2.841900904570191,11.729093392053963,C2/c,15,Monoclinic,-2.840969761529762,0.092388580857138,0.055499999999999,3,8.468608270048213,8.468608270048213,8.693638235027095,62.52043623359454,62.52043623359454,63.65983834765708,0.0518667488796441,0.23145200050595924,0.4782232312490867,0.23845801936530997,53.870000000000005,0.8674999999999999
mp-776625,Li3Ti2(PO4)3,Ti,Li3 Ti2 P3 O12,40,480.3062996671614,2.775972011507255,12.007657491679035,P1,1,Triclinic,-2.869611538529762,0.063746803857138,0.026399999999999,3,8.476411,8.497861645595908,9.103408920829933,62.45203313761913,62.38048360772679,60.10798606538391,0.0518667488796441,0.23145200050595924,0.4782232312490867,0.23845801936530997,53.870000000000005,0.8674999999999999
mp-781803,Li3Ti2(PO4)3,Ti,Li3 Ti2 P3 O12,40,479.22689868111854,2.7822245547903943,11.980672467027963,P1,1,Triclinic,-2.866144306529762,0.067214035857138,0.0,3,8.460793,8.466204863256323,9.126723861154177,62.59731439069637,62.391810519396316,60.07407318479631,0.0518667488796441,0.23145200050595924,0.4782232312490867,0.23845801936530997,53.870000000000005,0.8674999999999999
mp-18640,LiTi2(PO4)3,Ti,Li1 Ti2 P3 O12,36,452.4846148490083,2.8447677466583263,12.56901707913912,R-3c,167,Trigonal,-3.018196908273809,0.0,2.4425,1,8.611944110403527,8.611944110403527,8.611943902355437,60.08291598206923,60.08291598206923,60.082908403638804,0.017908140994455143,0.2397417506229781,0.49535140935315186,0.2469986990294149,51.910000000000004,0.8027777777777777
mp-25840,LiTi2(PO4)3,Ti,Li1 Ti2 P3 O12,72,902.9110615448576,2.851252339248529,12.540431410345246,P2_1/c,14,Monoclinic,-3.017262740079365,0.000934168194431,2.5905,1,8.701793,8.60881,14.730690047440584,54.906988884609554,90.0,90.0,0.017908140994455143,0.2397417506229781,0.49535140935315186,0.2469986990294149,51.910000000000004,0.8027777777777777
mp-26884,LiTi2(PO4)3,Ti,Li1 Ti2 P3 O12,36,466.4033916285907,2.7598719505166383,12.955649767460852,P-1,2,Triclinic,-3.012669638273809,0.005527269999985,2.6676,1,8.497689544354571,8.445623645989324,8.93544430368121,90.17840191236647,118.00570470542948,59.867304570214145,0.017908140994455143,0.2397417506229781,0.49535140935315186,0.2469986990294149,51.910000000000004,0.8027777777777777
mp-725054,LiTi2(PO4)3,Ti,Li1 Ti2 P3 O12,36,466.4033872711958,2.7598719763008672,12.955649646422106,P-1,2,Triclinic,2.214990465892857,5.233187374166652,0.0,1,8.445624,8.454779449550474,8.93544424830825,117.95852691619567,90.17840027972626,119.62787830480492,0.017908140994455143,0.2397417506229781,0.49535140935315186,0.2469986990294149,51.910000000000004,0.8027777777777777
mp-759377,LiTi2(PO4)3,Ti,Li1 Ti2 P3 O12,72,903.7626159942952,2.848565796816936,12.552258555476325,P2_1/c,14,Monoclinic,-3.014675957162699,0.003520951111097,2.617099999999999,1,11.999119,8.639914,8.71758354147398,89.91089741873374,90.0,90.0,0.017908140994455143,0.2397417506229781,0.49535140935315186,0.2469986990294149,51.910000000000004,0.8027777777777777
mp-759793,LiTi2(PO4)3,Ti,Li1 Ti2 P3 O12,72,904.4097446531306,2.846527574015162,12.561246453515702,Pna2_1,33,Orthorhombic,-3.016703070634921,0.001493837638873,2.668,1,8.64861,8.709205,12.007163,90.0,90.0,90.0,0.017908140994455143,0.2397417506229781,0.49535140935315186,0.2469986990294149,51.910000000000004,0.8027777777777777
mp-762322,LiTi2(PO4)3,Ti,Li1 Ti2 P3 O12,36,460.7973127232799,2.793448665258553,12.799925353424442,C2,5,Monoclinic,-3.00834078938492,0.009856118888874,2.4778,1,8.660754082373197,8.660754082373197,8.654729841981261,60.03631853040419,60.03631853040419,60.43901017809498,0.017908140994455143,0.2397417506229781,0.49535140935315186,0.2469986990294149,51.910000000000004,0.8027777777777777
mp-772524,LiTi2(PO4)3,Ti,Li1 Ti2 P3 O12,36,462.7338237856952,2.781758263639958,12.853717327380425,P1,1,Triclinic,-2.9921210066071438,0.026075901666652,2.7656,1,8.330953,8.381682012345792,8.999558420316522,90.22714122312604,117.5413097501599,119.47897137405191,0.017908140994455143,0.2397417506229781,0.49535140935315186,0.2469986990294149,51.910000000000004,0.8027777777777777
mp-773017,LiTi2(PO4)3,Ti,Li1 Ti2 P3 O12,72,906.3128199637422,2.8405504365105863,12.587678055051974,Pca2_1,29,Orthorhombic,-3.012545660357143,0.005651247916652,2.4919,1,8.654448,8.705242,12.029786,90.0,90.0,90.0,0.017908140994455143,0.2397417506229781,0.49535140935315186,0.2469986990294149,51.910000000000004,0.8027777777777777
mp-773843,LiTi2(PO4)3,Ti,Li1 Ti2 P3 O12,72,905.40305912107,2.843404658763028,12.57504248779264,P2_12_12,18,Orthorhombic,-3.010003349107143,0.008193559166652,2.3399,1,8.644718,8.703492,12.033656,90.0,90.0,90.0,0.017908140994455143,0.2397417506229781,0.49535140935315186,0.2469986990294149,51.910000000000004,0.8027777777777777
mp-774539,LiTi2(PO4)3,Ti,Li1 Ti2 P3 O12,72,897.6122610675751,2.86808390217537,12.466836959271877,P1,1,Triclinic,-3.009925975079364,0.008270933194431,2.6188,1,8.61742,8.681413772041108,11.998796260785664,89.93975005120733,89.51055304991331,89.90974080659116,0.017908140994455143,0.2397417506229781,0.49535140935315186,0.2469986990294149,51.910000000000004,0.8027777777777777
mp-774579,LiTi2(PO4)3,Ti,Li1 Ti2 P3 O12,72,917.9402876502072,2.804569437684563,12.749170661808432,P-1,2,Triclinic,-3.005972689523809,0.012224218749986,2.5518,1,8.367690350164315,8.965366473782597,14.848424302242107,85.30161883632421,73.81944786186912,117.65073676894816,0.017908140994455143,0.2397417506229781,0.49535140935315186,0.2469986990294149,51.910000000000004,0.8027777777777777
mp-776502,LiTi2(PO4)3,Ti,Li1 Ti2 P3 O12,36,462.05775647397866,2.78582843842827,12.83493767983274,P1,1,Triclinic,-3.006099874662698,0.012097033611096,2.6723,1,8.389862,8.403912086806061,8.976519230898411,62.1248679154715,62.18678473810637,60.132429230498325,0.017908140994455143,0.2397417506229781,0.49535140935315186,0.2469986990294149,51.910000000000004,0.8027777777777777
mp-787252,LiTi2(PO4)3,Ti,Li1 Ti2 P3 O12,72,917.9403364860312,2.804569288477198,12.749171340083766,P-1,2,Triclinic,0.497974690615079,3.5161715988888758,0.0,1,8.36769,8.965366479613925,14.497826082618076,105.46501567851165,90.27387246348674,117.65073155008912,0.017908140994455143,0.2397417506229781,0.49535140935315186,0.2469986990294149,51.910000000000004,0.8027777777777777
mp-1177831,Li2V2(PO4)3,V,Li2 V2 P3 O12,38,465.0365210813836,2.861466767923557,12.2378031863522,P-1,2,Triclinic,-2.687467912926065,0.009806976074573,1.0004,2,8.704929740948517,8.661574144570778,8.676157669285985,60.26528174754453,91.07157493050957,60.71830865400025,0.03464618065940182,0.2319094987653037,0.4791685084357011,0.25427581213959344,53.07,0.831578947368421
mp-1199961,Li2V2(PO4)3,V,Li2 V2 P3 O12,76,916.011336941305,2.905393191722971,12.052780749227695,Pbcn,60,Orthorhombic,-2.694543390031329,0.002731498969308,0.0,2,8.636313,8.761404,12.105947,90.0,90.0,90.0,0.03464618065940182,0.2319094987653037,0.4791685084357011,0.25427581213959344,53.07,0.831578947368421
mp-26957,Li2V2(PO4)3,V,Li2 V2 P3 O12,76,904.3322284686436,2.942915245204714,11.89910826932426,P2_1/c,14,Monoclinic,-2.6921169331892223,0.005157955811415,0.0,2,8.708823,8.601003,12.073118317997425,89.98684957752894,90.0,90.0,0.03464618065940182,0.2319094987653037,0.4791685084357011,0.25427581213959344,53.07,0.831578947368421
mp-758511,Li2V2(PO4)3,V,Li2 V2 P3 O12,38,462.31318501598656,2.878322734617978,12.16613644778912,P-1,2,Triclinic,-2.692501939505013,0.004772949495624,1.1589,2,8.302978,8.452872306467784,8.945879884147507,91.1906554589023,117.26622484243713,119.21355550668582,0.03464618065940182,0.2319094987653037,0.4791685084357011,0.25427581213959344,53.07,0.831578947368421
mp-759481,Li2V2(PO4)3,V,Li2 V2 P3 O12,76,919.8902967734416,2.8931418357441263,12.103819694387388,P1,1,Triclinic,-2.690546230031328,0.00672865896931,0.8700000000000001,2,8.652315,8.723427686005198,12.188212731415916,90.1020004949481,90.0265883889376,90.58627961485813,0.03464618065940182,0.2319094987653037,0.4791685084357011,0.25427581213959344,53.07,0.831578947368421
mp-849317,Li2V2(PO4)3,V,Li2 V2 P3 O12,76,910.5790916505148,2.9227259073852903,11.981303837506776,P2_1/c,14,Monoclinic,-2.695738242005012,0.001536646995624,0.0,2,8.689558,8.570197,14.925355746606042,55.00753228426692,90.0,90.0,0.03464618065940182,0.2319094987653037,0.4791685084357011,0.25427581213959344,53.07,0.831578947368421
mp-1177570,Li3V2(PO4)3,V,Li3 V2 P3 O12,80,1033.0820372569312,2.620775708891788,12.91352546571164,C2/c,15,Monoclinic,-2.634127335821428,0.093479300374999,2.083999999999999,3,9.173212180778826,9.173212180778826,16.5789003361726,65.01741325727569,65.01741325727569,57.701826363212405,0.051084332483066104,0.22796051811833434,0.4710091739689196,0.2499459754296799,54.05,0.8625
mp-1202865,Li3V2(PO4)3,V,Li3 V2 P3 O12,80,938.2913653057068,2.885538979305514,11.728642066321337,P2_1/c,14,Monoclinic,-2.702705422696428,0.024901213499999,1.9273,3,8.703189,8.828613411870123,12.211501123882272,89.8156007140887,90.0,90.0,0.051084332483066104,0.22796051811833434,0.4710091739689196,0.2499459754296799,54.05,0.8625
mp-26711,Li3V2(PO4)3,V,Li3 V2 P3 O12,40,456.3125654450252,2.966690502917559,11.40781413612563,C2/c,15,Monoclinic,-2.692764447196428,0.034842188999999,1.9372999999999991,3,8.441654133285727,8.441654133285727,8.602368359505713,61.92053176228459,61.92053176228459,63.29817338856522,0.051084332483066104,0.22796051811833434,0.4710091739689196,0.2499459754296799,54.05,0.8625
mp-26903,Li3V2(PO4)3,V,Li3 V2 P3 O12,40,431.8250111695785,3.134922987904672,10.795625279239465,C2/c,15,Monoclinic,-2.685188461196428,0.042418174999999,1.8138,3,8.60420161928049,8.60420161928049,6.386197341718857,74.02624658245152,74.02624658245152,93.77313532038227,0.051084332483066104,0.22796051811833434,0.4710091739689196,0.2499459754296799,54.05,0.8625
mp-32530,Li3V2(PO4)3,V,Li3 V2 P3 O12,80,938.9223765642618,2.883599726787533,11.736529707053272,P2/c,13,Monoclinic,-2.689070334571428,0.038536301624999,1.9588,3,8.829515,8.60256,12.368538320569977,88.04351362489255,90.0,90.0,0.051084332483066104,0.22796051811833434,0.4710091739689196,0.2499459754296799,54.05,0.8625
mp-6396,Li3V2(PO4)3,V,Li3 V2 P3 O12,80,936.6771724375848,2.890511681297346,11.708464655469808,P2_1/c,14,Monoclinic,-2.727606636196428,0.0,1.8718999999999992,3,8.740084,8.753078,14.973261454582298,54.85579899000794,90.0,90.0,0.051084332483066104,0.22796051811833434,0.4710091739689196,0.2499459754296799,54.05,0.8625
mp-643154,Li3V2(PO4)3,V,Li3 V2 P3 O12,80,944.6599657830564,2.866085582753684,11.808249572288204,P2_1/c,14,Monoclinic,-2.720508113696428,0.007098522499999,2.0608,3,8.742191,8.755106,15.07624623911569,54.95031788710382,90.0,90.0,0.051084332483066104,0.22796051811833434,0.4710091739689196,0.2499459754296799,54.05,0.8625
mp-694966,Li3V2(PO4)3,V,Li3 V2 P3 O12,80,1097.2989348181004,2.467400835474451,13.716236685226256,P2,3,Monoclinic,-1.7016413864464282,1.025965249749999,0.0,3,11.303155,9.311113,10.465561947725215,85.02554762770943,90.0,90.0,0.051084332483066104,0.22796051811833434,0.4710091739689196,0.2499459754296799,54.05,0.8625
mp-705293,Li3V2(PO4)3,V,Li3 V2 P3 O12,40,477.9997001598626,2.832089965359723,11.949992503996564,Cc,9,Monoclinic,-2.702058204696428,0.025548431499999,1.931899999999999,3,8.755283553658442,8.755283553658442,8.739756705390946,60.77142201131607,60.77142201131607,59.68615683872851,0.051084332483066104,0.22796051811833434,0.4710091739689196,0.2499459754296799,54.05,0.8625
mp-756749,Li3V2(PO4)3,V,Li3 V2 P3 O12,80,828.2441207521043,3.268935137235657,10.353051509401304,Ia-3d,230,Cubic,-2.680984674821428,0.046621961375,0.0,3,10.246921696778355,10.246921696778355,10.246921696778355,109.47122063449069,109.47122063449069,109.47122063449069,0.051084332483066104,0.22796051811833434,0.4710091739689196,0.2499459754296799,54.05,0.8625
mp-756924,Li3V2(PO4)3,V,Li3 V2 P3 O12,80,937.2214651126224,2.888833012600772,11.715268313907782,C2,5,Monoclinic,-2.671983766946428,0.055622869249999,1.5255,3,9.818147897428517,9.818147897428517,9.790986110308808,86.3312302517256,86.3312302517256,85.41769403750823,0.051084332483066104,0.22796051811833434,0.4710091739689196,0.2499459754296799,54.05,0.8625
mp-757321,Li3V2(PO4)3,V,Li3 V2 P3 O12,80,908.588729030772,2.979870013821963,11.35735911288465,P2_1/c,14,Monoclinic,-2.724561623821428,0.003045012374999,2.0794,3,8.791021,8.561038,14.722685721188373,55.084927757465366,90.0,90.0,0.051084332483066104,0.22796051811833434,0.4710091739689196,0.2499459754296799,54.05,0.8625
mp-757678,Li3V2(PO4)3,V,Li3 V2 P3 O12,80,1037.495924814593,2.609625969392843,12.968699060182413,C2,5,Monoclinic,-2.634925424321429,0.092681211874999,2.0829,3,9.175387849900241,9.175387849900241,16.557495989957086,65.16547251717905,65.16547251717905,58.06002062157399,0.051084332483066104,0.22796051811833434,0.4710091739689196,0.2499459754296799,54.05,0.8625
mp-759065,Li3V2(PO4)3,V,Li3 V2 P3 O12,80,945.139262056571,2.864632141769338,11.814240775707136,P2_12_12,18,Orthorhombic,-2.723334681696428,0.004271954499999,1.8559,3,8.75954,8.823,12.229205,90.0,90.0,90.0,0.051084332483066104,0.22796051811833434,0.4710091739689196,0.2499459754296799,54.05,0.8625
mp-774346,Li3V2(PO4)3,V,Li3 V2 P3 O12,40,471.256287605038,2.872615580680119,11.78140719012595,C2,5,Monoclinic,-2.683326558196428,0.044280077999999,0.025799999999999,3,8.636145687434528,8.636145687434528,8.627269510502439,61.63816521510458,61.63816521510458,61.506383111066675,0.051084332483066104,0.22796051811833434,0.4710091739689196,0.2499459754296799,54.05,0.8625
mp-775921,Li3V2(PO4)3,V,Li3 V2 P3 O12,40,473.62293568837737,2.85826139796237,11.840573392209434,Cc,9,Monoclinic,-2.6975315989464272,0.03007503725,2.0292,3,8.650256168814078,8.650256168814078,8.690527821664517,61.516342639655974,61.516342639655974,60.981830322073044,0.051084332483066104,0.22796051811833434,0.4710091739689196,0.2499459754296799,54.05,0.8625
mp-831152,Li3V2(PO4)3,V,Li3 V2 P3 O12,40,473.5555464569919,2.858668142303448,11.838888661424798,R-3,148,Trigonal,-2.691986946946429,0.035619689249998,0.0,3,9.038301706240393,9.038301706240393,9.038301692855798,55.98754061101161,55.98754061101161,55.987541913170546,0.051084332483066104,0.22796051811833434,0.4710091739689196,0.2499459754296799,54.05,0.8625
mp-760234,Li4V2(PO4)3,V,Li4 V2 P3 O12,84,977.6703016568692,2.816470450737805,11.638932162581776,Pbcn,60,Orthorhombic,-2.6735001922505672,0.030578416904768,0.105299999999999,4,8.805879000000001,9.022457,12.305376,90.0,90.0,90.0,0.06697203605839647,0.22414377310850642,0.4631230631231992,0.2457611277098979,55.03,0.8904761904761904
mp-761150,Li4V2(PO4)3,V,Li4 V2 P3 O12,42,493.80218094370537,2.788140293262904,11.757194784373937,C2/c,15,Monoclinic,-2.641591545345805,0.06248706380953,0.0,4,8.833912132267617,8.833912132267617,8.624062924983386,61.43804911940715,61.43804911940715,62.17659528012727,0.06697203605839647,0.22414377310850642,0.4631230631231992,0.2457611277098979,55.03,0.8904761904761904
mp-770403,Li4V2(PO4)3,V,Li4 V2 P3 O12,42,471.8408317930957,2.917911432883309,11.23430551888323,R-3c,167,Trigonal,-2.6277697241553293,0.076308885000005,0.2139,4,8.429561415285376,8.429561415285376,8.42956066636625,65.2324494044895,65.2324494044895,65.23244611881537,0.06697203605839647,0.22414377310850642,0.4631230631231992,0.2457611277098979,55.03,0.8904761904761904
mp-777185,Li4V2(PO4)3,V,Li4 V2 P3 O12,42,485.72626671879055,2.834497230077392,11.564911112352156,P-1,2,Triclinic,-2.683386693441044,0.020691915714292,0.5274000000000001,4,8.432204,8.43731792056753,9.183223008997222,63.07517436604318,63.098606579729704,60.86730067980984,0.06697203605839647,0.22414377310850642,0.4631230631231992,0.2457611277098979,55.03,0.8904761904761904
mp-1101492,LiV2(PO4)3,V,Li1 V2 P3 O12,36,449.9016027802031,2.906490973897371,12.497266743894532,Cc,9,Monoclinic,-2.653601771514551,0.001384545555584,0.199,1,8.599402002765075,8.599402002765075,8.549088704669346,60.43408291966755,60.43408291966755,59.98727534372366,0.017628469906261494,0.23599770838526402,0.487615516066688,0.2587583056417864,52.09,0.7972222222222222
mp-1101493,LiV2(PO4)3,V,Li1 V2 P3 O12,36,441.1605383320614,2.964079590088732,12.254459398112816,C2/c,15,Monoclinic,-2.6542201223478843,0.000766194722251,1.3169,1,8.492673605630914,8.492673605630914,8.537169465643107,60.50881197468173,60.50881197468173,60.741288383797,0.017628469906261494,0.23599770838526402,0.487615516066688,0.2587583056417864,52.09,0.7972222222222222
mp-1101601,LiV2(PO4)3,V,Li1 V2 P3 O12,72,885.9151262178558,2.952054680915471,12.304376753025776,P2/c,13,Monoclinic,-2.6549863170701062,0.0,1.3092,1,8.585562,8.519309,12.112601122914311,89.4726108872677,90.0,90.0,0.017628469906261494,0.23599770838526402,0.487615516066688,0.2587583056417864,52.09,0.7972222222222222
mp-26103,LiV2(PO4)3,V,Li1 V2 P3 O12,36,450.9681864765893,2.899616839580551,12.526894068794148,P-1,2,Triclinic,-2.643328861236772,0.011657455833363,1.2243,1,8.430058,8.46912959320496,8.737327864445572,90.57037127757319,118.45336987636918,119.70604654287474,0.017628469906261494,0.23599770838526402,0.487615516066688,0.2587583056417864,52.09,0.7972222222222222
mp-26123,LiV2(PO4)3,V,Li1 V2 P3 O12,72,879.8740761196109,2.972322933730485,12.22047327943904,P2_1/c,14,Monoclinic,-2.646817223458995,0.008169093611139,0.0,1,8.666396,8.505414,14.649417372375087,54.57040260181651,90.0,90.0,0.017628469906261494,0.23599770838526402,0.487615516066688,0.2587583056417864,52.09,0.7972222222222222
mp-26712,LiV2(PO4)3,V,Li1 V2 P3 O12,36,443.0996428312161,2.9511081057691597,12.308323411978224,R-3c,167,Trigonal,-2.653349933736772,0.001636383333362,1.3097,1,8.525797108673476,8.525797108673476,8.525797361808747,60.492912650344266,60.492912650344266,60.492909548313584,0.017628469906261494,0.23599770838526402,0.487615516066688,0.2587583056417864,52.09,0.7972222222222222
mp-26904,LiV2(PO4)3,V,Li1 V2 P3 O12,36,435.0327190135424,3.005831263882279,12.084242194820623,C2/c,15,Monoclinic,-2.571557252070105,0.08342906500003,1.109899999999999,1,8.666756156482597,8.666756156482597,6.332847853146166,73.77207832422538,73.77207832422538,92.18158573179687,0.017628469906261494,0.23599770838526402,0.487615516066688,0.2587583056417864,52.09,0.7972222222222222
mp-697749,LiV2(PO4)3,V,Li1 V2 P3 O12,36,454.4989694860605,2.87709111662293,12.624971374612793,Cc,9,Monoclinic,-2.643238078458995,0.011748238611139,1.405299999999999,1,8.585450948552731,8.585450948552731,8.600709087568072,60.99695365471312,60.99695365471312,59.883419747158946,0.017628469906261494,0.23599770838526402,0.487615516066688,0.2587583056417864,52.09,0.7972222222222222
mp-758344,LiV2(PO4)3,V,Li1 V2 P3 O12,72,943.9318697176464,2.770612985053183,13.110164857189536,Pbcm,57,Orthorhombic,-2.576760634847883,0.078225682222252,0.6595000000000001,1,8.74363,8.867345,12.174616,90.0,90.0,90.0,0.017628469906261494,0.23599770838526402,0.487615516066688,0.2587583056417864,52.09,0.7972222222222222
mp-758401,LiV2(PO4)3,V,Li1 V2 P3 O12,36,424.56186211093086,3.079963285258434,11.793385058636968,C2/c,15,Monoclinic,-2.58425434651455,0.070731970555584,1.238,1,9.60232731660747,9.60232731660747,8.053626496651866,74.62007374772584,74.62007374772584,36.54352595791875,0.017628469906261494,0.23599770838526402,0.487615516066688,0.2587583056417864,52.09,0.7972222222222222
mp-758644,LiV2(PO4)3,V,Li1 V2 P3 O12,36,424.6830636572716,3.07908428549416,11.796751768257543,C2/c,15,Monoclinic,-2.596959477070105,0.05802684000003,0.0,1,9.525818374498067,9.525818374498067,8.010098301846863,74.41193552842972,74.41193552842972,37.54168406840915,0.017628469906261494,0.23599770838526402,0.487615516066688,0.2587583056417864,52.09,0.7972222222222222
mp-758869,LiV2(PO4)3,V,Li1 V2 P3 O12,72,894.7448963849486,2.922922394764984,12.427012449790952,P1,1,Triclinic,-2.638784241514551,0.016202075555584,1.2123,1,8.614605,8.622480722073956,12.045813611198911,90.11397354389236,90.14501599038579,90.18453666585064,0.017628469906261494,0.23599770838526402,0.487615516066688,0.2587583056417864,52.09,0.7972222222222222
mp-776244,LiV2(PO4)3,V,Li1 V2 P3 O12,72,896.0471993619876,2.918674258574092,12.445099991138717,P2_1/c,14,Monoclinic,-2.6362076191534403,0.018778697916695,0.002,1,8.630044999999999,8.683608,14.6316887303815,54.80450555758832,90.0,90.0,0.017628469906261494,0.23599770838526402,0.487615516066688,0.2587583056417864,52.09,0.7972222222222222
mp-849376,LiV2(PO4)3,V,Li1 V2 P3 O12,36,451.5842078094033,2.895661373912624,12.544005772483423,P-1,2,Triclinic,-2.6406349512367733,0.014351365833362,1.3514,1,8.874557554931062,8.349096513625952,8.338881745586274,119.90199784548558,89.74414940167541,62.36031791521494,0.017628469906261494,0.23599770838526402,0.487615516066688,0.2587583056417864,52.09,0.7972222222222222
mp-849421,LiV2(PO4)3,V,Li1 V2 P3 O12,72,887.5142279328988,2.946735740041534,12.32658649906804,P2_1/c,14,Monoclinic,-2.642242212486773,0.012744104583362,1.260199999999999,1,8.570744,8.536845,14.815078834099296,54.96063502216183,90.0,90.0,0.017628469906261494,0.23599770838526402,0.487615516066688,0.2587583056417864,52.09,0.7972222222222222
mp-858880,LiV2(PO4)3,V,Li1 V2 P3 O12,36,451.5842653904709,2.895661004689677,12.544007371957523,P-1,2,Triclinic,2.324769807374338,4.979756124444474,0.0,1,8.338882,8.349097137189446,8.874557944441063,117.63968177598711,90.25585296829595,119.90199837375738,0.017628469906261494,0.23599770838526402,0.487615516066688,0.2587583056417864,52.09,0.7972222222222222
mp-773052,Li2Zr2(PO4)3,Zr,Li2 Zr2 P3 O12,38,520.5856909213105,3.070098234774579,13.699623445297645,C2/c,15,Monoclinic,-3.009539326873434,0.098267360898496,0.0,2,8.937961685563046,8.937961685563046,8.90929274679674,60.96585182005377,60.96585182005377,62.75402592705929,0.028846068770183284,0.19308556448421477,0.3989509805633226,0.37911738618227936,52.47,0.8526315789473684
mp-10499,LiZr2(PO4)3,Zr,Li1 Zr2 P3 O12,72,978.4736424490852,3.219703708075803,13.58991170068174,P2_1/c,14,Monoclinic,-3.170948748458995,0.0,4.253299999999999,1,8.838843905918928,8.94681054,12.37464506795706,90.0,90.84582884130573,90.0,0.014634102549355961,0.19591119843567706,0.40478927012505245,0.38466542888991456,51.49,0.8194444444444444
mp-1246721,LiZr2(PO4)3,Zr,Li1 Zr2 P3 O12,36,502.0586359381503,3.137477367519938,13.946073220504172,P-1,2,Triclinic,-2.990097490125661,0.180851258333335,3.7937,1,8.030438518213062,8.811588258072263,15.34900627045979,52.268058449915905,36.8686786717356,53.361935254984154,0.014634102549355961,0.19591119843567706,0.40478927012505245,0.38466542888991456,51.49,0.8194444444444444
mp-541661,LiZr2(PO4)3,Zr,Li1 Zr2 P3 O12,36,490.6598632839761,3.210365724396355,13.629440646777114,R-3c,167,Trigonal,-3.153129242903439,0.017819505555557,4.1404,1,8.880603495498919,8.880603329589363,8.880602986688817,59.59344916630639,59.59344695292224,59.59345426945186,0.014634102549355961,0.19591119843567706,0.40478927012505245,0.38466542888991456,51.49,0.8194444444444444
mp-681439,LiZr2(PO4)3,Zr,Li1 Zr2 P3 O12,36,532.8667006428518,2.956081897261653,14.801852795634773,C2,5,Monoclinic,-3.155012457903438,0.015936290555558,4.230700000000001,1,8.979429352556041,8.979429352556041,9.194613839341867,60.90076714437085,60.90076714437085,60.39740017782224,0.014634102549355961,0.19591119843567706,0.40478927012505245,0.38466542888991456,51.49,0.8194444444444444
mp-759280,LiZr2(PO4)3,Zr,Li1 Zr2 P3 O12,36,521.632153244983,3.019747915508751,14.48978203458286,P-1,2,Triclinic,-3.162862737903439,0.008086010555556,4.430700000000001,1,8.836547,8.890007362283791,9.16071179050891,91.16854313525434,118.78987570798787,118.84546404317786,0.014634102549355961,0.19591119843567706,0.40478927012505245,0.38466542888991456,51.49,0.8194444444444444
mp-773068,LiZr2(PO4)3,Zr,Li1 Zr2 P3 O12,36,524.6423635124157,3.00242168184461,14.573398986455992,Cc,9,Monoclinic,-3.159846414570106,0.01110233388889,4.3114,1,9.003178859526505,9.003178859526505,9.052355621744873,60.42499452125847,60.42499452125847,60.63413826121272,0.014634102549355961,0.19591119843567706,0.40478927012505245,0.38466542888991456,51.49,0.8194444444444444
mp-773074,LiZr2(PO4)3,Zr,Li1 Zr2 P3 O12,36,526.2462641412424,2.993270859593413,14.617951781701176,P1,1,Triclinic,-3.139607035958994,0.031341712500003,4.3898,1,8.841416,8.924771167032407,9.200236890338259,61.021866754196864,61.38771747143159,60.9468281996484,0.014634102549355961,0.19591119843567706,0.40478927012505245,0.38466542888991456,51.49,0.8194444444444444
